tick|t_min|agg_exp|gross|net|gross_lim|net_lim|nlv|SPNG:pos,bid,ask,our_bid,our_ask,qty|SMMR:pos,bid,ask,our_bid,our_ask,qty|ATMN:pos,bid,ask,our_bid,our_ask,qty|WNTR:pos,bid,ask,our_bid,our_ask,qty|actions
28|28|0.0|0.0|0.0|50000|30000|0.00|0.0,24.56,24.92,24.57,24.91,3000|0.0,24.94,25.01,24.95,25.0,6000|0.0,24.95,24.82,0,0,0|0.0,24.89,25.05,24.9,25.04,7500|quote:SPNG:3000:24.57/24.91;quote:SMMR:6000:24.95/25.00;quote:WNTR:7500:24.90/25.04
29|29|16500.0|16500.0|-4500.0|50000|30000|480.00|-3000.0,24.79,25.19,25.09,25.87,2280|6000.0,24.86,24.96,23.67,24.87,312|0.0,24.68,24.82,24.69,24.81,4500|-7500.0,25.11,25.12,25.06,26.68,300|quote:SPNG:2280:25.09/25.87;quote:SMMR:312:23.67/24.87;quote:ATMN:4500:24.69/24.81;quote:WNTR:300:25.06/26.68
30|30|13908.0|13908.0|-2532.0|50000|30000|651.90|-720.0,24.83,25.22,24.91,25.42,2827|5688.0,24.9,24.91,23.76,24.91,326|0.0,24.73,24.81,24.74,24.8,4500|-7500.0,24.84,24.94,24.93,26.43,300|quote:SPNG:2827:24.91/25.42;quote:SMMR:326:23.76/24.91;quote:ATMN:4500:24.74/24.80;quote:WNTR:300:24.93/26.43
31|31|14669.0|14669.0|269.0|50000|30000|-907.08|2107.0,24.66,24.73,24.19,24.73,2494|5362.0,24.97,25.04,23.91,24.98,342|0.0,24.72,24.8,24.73,24.79,4500|-7200.0,24.93,24.94,24.93,26.39,318|quote:SPNG:2494:24.19/24.73;quote:SMMR:342:23.91/24.98;quote:ATMN:4500:24.73/24.79;quote:WNTR:318:24.93/26.39
32|32|16831.0|16831.0|-6107.0|50000|30000|657.36|-387.0,25.29,25.32,25.14,25.57,2907|5362.0,24.86,24.89,23.79,24.87,342|-4500.0,24.69,24.73,24.72,25.62,288|-6582.0,24.91,24.86,0,0,0|quote:SPNG:2907:25.14/25.57;quote:SMMR:342:23.79/24.87;quote:ATMN:288:24.72/25.62
33|33|18622.0|18622.0|-3542.0|50000|30000|1273.90|2520.0,25.0,25.32,24.44,25.08,2395|5020.0,24.85,24.87,23.85,24.860000000000003,359|-4500.0,24.86,24.82,0,0,0|-6582.0,24.91,24.86,0,0,0|quote:SPNG:2395:24.44/25.08;quote:SMMR:359:23.85/24.86
34|34|16227.0|16227.0|-5937.0|50000|30000|273.65|125.0,25.0,25.32,24.99,25.29,2970|5020.0,24.88,24.89,23.87,24.89,359|-4500.0,24.86,24.82,0,0,0|-6582.0,24.91,24.88,0,0,0|quote:SPNG:2970:24.99/25.29;quote:SMMR:359:23.87/24.89
35|35|19197.0|19197.0|-2967.0|50000|30000|-374.70|3095.0,24.87,24.94,24.2,24.94,2257|5020.0,24.85,24.89,23.86,24.860000000000003,359|-4500.0,24.86,24.82,0,0,0|-6582.0,24.91,24.93,24.919999999999998,26.25,355|quote:SPNG:2257:24.20/24.94;quote:SMMR:359:23.86/24.86;quote:WNTR:355:24.92/26.25
36|36|16226.0|16226.0|-5228.0|50000|30000|7.70|838.0,25.13,25.18,24.97,25.14,2798|4661.0,24.84,24.85,23.9,24.85,376|-4500.0,24.86,24.82,0,0,0|-6227.0,24.91,24.92,24.91,26.17,376|quote:SPNG:2798:24.97/25.14;quote:SMMR:376:23.90/24.85;quote:WNTR:376:24.91/26.17
37|37|16596.0|16596.0|-8026.0|50000|30000|1062.64|-1960.0,25.07,25.28,25.27,25.66,2529|4285.0,24.84,24.86,23.98,24.85,394|-4500.0,24.84,24.82,0,0,0|-5851.0,24.91,24.86,0,0,0|quote:SPNG:2529:25.27/25.66;quote:SMMR:394:23.98/24.85
38|38|14811.0|14811.0|-5891.0|50000|30000|517.54|569.0,25.15,25.28,25.05,25.16,2863|3891.0,24.85,24.86,24.07,24.860000000000003,413|-4500.0,24.87,24.82,0,0,0|-5851.0,24.91,24.94,24.93,26.11,398|quote:SPNG:2863:25.05/25.16;quote:SMMR:413:24.07/24.86;quote:WNTR:398:24.93/26.11
39|39|14000.0|14000.0|-5906.0|50000|30000|-503.50|569.0,25.15,25.16,25.02,25.16,2863|3478.0,24.82,24.83,24.12,24.830000000000002,4330|-4500.0,24.67,24.82,24.81,25.71,288|-5453.0,24.91,24.93,24.919999999999998,26.02,422|quote:SPNG:2863:25.02/25.16;quote:SMMR:4330:24.12/24.83;quote:ATMN:288:24.81/25.71;quote:WNTR:422:24.92/26.02
40|40|10952.0|10952.0|-9814.0|50000|30000|-455.40|569.0,25.08,25.13,24.97,25.09,2863|-852.0,24.81,24.95,24.939999999999998,25.11,5591|-4500.0,24.99,24.82,0,0,0|-5031.0,24.91,24.9,0,0,0|quote:SPNG:2863:24.97/25.09;quote:SMMR:5591:24.94/25.11
41|41|16839.0|16839.0|-2223.0|50000|30000|-921.99|2569.0,24.97,24.99,24.4,25.03,2383|4739.0,24.81,24.82,23.86,24.82,372|-4500.0,24.75,24.82,24.81,25.71,288|-5031.0,24.91,24.94,24.93,25.94,448|quote:SPNG:2383:24.40/25.03;quote:SMMR:372:23.86/24.82;quote:ATMN:288:24.81/25.71;quote:WNTR:448:24.93/25.94
42|42|13636.0|13636.0|-4530.0|50000|30000|-658.06|186.0,24.91,25.23,24.88,25.18,2955|4367.0,24.81,24.81,0,0,0|-4500.0,24.91,24.82,0,0,0|-4583.0,24.91,24.92,24.91,25.84,475|quote:SPNG:2955:24.88/25.18;quote:WNTR:475:24.91/25.84
42|42|13161.0|13161.0|-4055.0|50000|30000|-658.06|186.0,24.91,25.18,24.88,25.13,2955|4367.0,24.81,24.81,0,0,0|-4500.0,24.96,24.82,0,0,0|-4108.0,24.91,24.83,0,0,0|quote:SPNG:2955:24.88/25.13
43|43|13161.0|13161.0|-4055.0|50000|30000|-252.14|186.0,24.91,25.13,24.88,25.08,2955|4367.0,24.93,24.94,24.05,24.94,390|-4500.0,24.96,24.82,0,0,0|-4108.0,24.91,24.9,0,0,0|quote:SPNG:2955:24.88/25.08;quote:SMMR:390:24.05/24.94
44|44|16116.0|16116.0|-1100.0|50000|30000|2939.22|3141.0,25.15,25.27,24.48,25.21,2246|4367.0,24.93,24.94,24.05,24.94,390|-4500.0,24.76,24.78,24.77,25.69,288|-4108.0,24.91,24.87,0,0,0|quote:SPNG:2246:24.48/25.21;quote:SMMR:390:24.05/24.94;quote:ATMN:288:24.77/25.69
44|44|16116.0|16116.0|-1100.0|50000|30000|2939.22|3141.0,25.0,25.21,24.38,25.01,2246|4367.0,24.93,24.94,24.05,24.94,390|-4500.0,24.67,24.75,24.74,25.64,288|-4108.0,24.94,24.94,0,0,0|quote:SPNG:2246:24.38/25.01;quote:SMMR:390:24.05/24.94;quote:ATMN:288:24.74/25.64
45|45|15828.0|15828.0|-812.0|50000|30000|2708.41|3141.0,24.95,25.01,24.33,24.96,2246|4367.0,24.81,24.78,0,0,0|-4212.0,24.77,24.82,24.81,25.65,298|-4108.0,24.91,24.94,24.93,25.76,503|quote:SPNG:2246:24.33/24.96;quote:ATMN:298:24.81/25.65;quote:WNTR:503:24.93/25.76
46|46|13079.0|13079.0|-2555.0|50000|30000|955.97|895.0,25.04,25.07,24.86,25.05,2785|4367.0,24.81,24.78,0,0,0|-4212.0,24.81,24.82,24.81,25.67,298|-3605.0,24.91,24.92,24.91,25.65,533|quote:SPNG:2785:24.86/25.05;quote:ATMN:298:24.81/25.67;quote:WNTR:533:24.91/25.65
47|47|11950.0|11950.0|-1426.0|50000|30000|1945.38|895.0,24.89,25.02,24.72,24.900000000000002,2785|4367.0,24.85,24.96,23.99,24.860000000000003,390|-3616.0,24.68,24.82,24.81,25.53,319|-3072.0,24.91,24.9,0,0,0|quote:SPNG:2785:24.72/24.90;quote:SMMR:390:23.99/24.86;quote:ATMN:319:24.81/25.53
48|48|11770.0|11770.0|-3816.0|50000|30000|1685.88|-1105.0,24.77,24.9,24.82,25.18,2734|3977.0,24.9,24.93,24.11,24.91,409|-3616.0,24.72,24.82,24.81,25.53,319|-3072.0,24.91,24.92,24.91,25.54,5656|quote:SPNG:2734:24.82/25.18;quote:SMMR:409:24.11/24.91;quote:ATMN:319:24.81/25.53;quote:WNTR:5656:24.91/25.54
49|49|14482.0|14482.0|-1360.0|50000|30000|1329.33|-4624.0,24.85,25.19,25.18,26.1,189|3977.0,24.83,24.84,24.03,24.84,409|-3297.0,24.76,24.82,24.81,25.47,3313|2584.0,24.91,24.94,24.4,24.92,5949|quote:SPNG:189:25.18/26.10;quote:SMMR:409:24.03/24.84;quote:ATMN:3313:24.81/25.47;quote:WNTR:5949:24.40/24.92
50|50|11884.0|11884.0|420.0|50000|30000|2189.33|-4435.0,25.05,25.11,0,0,0|3568.0,24.88,24.89,0,0,0|-1297.0,24.81,24.82,0,0,0|2584.0,24.91,24.94,0,0,0|unwind:SPNG:BUY:1478.0:LMT@25.11;unwind:SMMR:SELL:1189.0:LMT@24.88;unwind:ATMN:BUY:432.0:LMT@24.82;unwind:WNTR:SELL:861.0:LMT@24.91
51|51|8785.0|8785.0|1141.0|50000|30000|2038.87|-2957.0,24.8,25.11,0,0,0|2379.0,24.94,24.96,0,0,0|-865.0,24.64,24.82,0,0,0|2584.0,24.91,24.91,0,0,0|unwind:SPNG:BUY:985.0:LMT@25.11;unwind:SMMR:SELL:793.0:LMT@24.94;unwind:ATMN:BUY:288.0:LMT@24.82;unwind:WNTR:SELL:2584.0:MKT
52|52|7007.0|7007.0|1333.0|50000|30000|3075.37|-1972.0,24.68,25.2,0,0,0|1586.0,24.81,24.96,0,0,0|-865.0,24.82,24.82,0,0,0|2584.0,24.91,24.94,0,0,0|unwind:SPNG:BUY:657.0:LMT@25.20;unwind:SMMR:SELL:528.0:LMT@24.81;unwind:ATMN:BUY:865.0:MKT;unwind:WNTR:SELL:861.0:LMT@24.91
53|53|2373.0|2373.0|-257.0|50000|30000|1780.82|-1315.0,24.75,25.17,0,0,0|1058.0,24.85,24.93,0,0,0|0.0,24.8,24.81,0,0,0|0.0,24.91,24.79,0,0,0|unwind:SPNG:BUY:438.0:LMT@25.17;unwind:SMMR:SELL:352.0:LMT@24.85
53|53|1583.0|1583.0|-171.0|50000|30000|1780.82|-877.0,24.75,24.8,0,0,0|706.0,24.81,24.75,0,0,0|0.0,24.8,24.82,0,0,0|0.0,24.91,24.79,0,0,0|unwind:SPNG:BUY:292.0:LMT@24.80;unwind:SMMR:SELL:706.0:MKT
54|54|877.0|877.0|-877.0|50000|30000|1716.41|-877.0,24.96,25.06,0,0,0|0.0,24.81,24.87,0,0,0|0.0,24.8,24.82,0,0,0|0.0,24.91,24.74,0,0,0|unwind:SPNG:BUY:877.0:LMT@25.05
54|54|0.0|0.0|0.0|50000|30000|1716.41|0.0,24.73,25.03,0,0,0|0.0,24.81,24.81,0,0,0|0.0,24.84,24.82,0,0,0|0.0,24.91,24.74,0,0,0|
55|55|0.0|0.0|0.0|50000|30000|1825.07|0.0,24.73,25.03,0,0,0|0.0,24.81,24.81,0,0,0|0.0,24.84,24.82,0,0,0|0.0,24.91,24.73,0,0,0|
55|55|0.0|0.0|0.0|50000|30000|1825.07|0.0,24.73,25.06,0,0,0|0.0,24.81,24.81,0,0,0|0.0,24.84,24.82,0,0,0|0.0,24.91,24.73,0,0,0|
55|55|0.0|0.0|0.0|50000|30000|1825.07|0.0,24.77,25.06,0,0,0|0.0,24.81,24.81,0,0,0|0.0,24.8,24.82,0,0,0|0.0,24.91,24.74,0,0,0|
55|55|0.0|0.0|0.0|50000|30000|1825.07|0.0,24.77,25.28,0,0,0|0.0,24.81,24.76,0,0,0|0.0,24.71,24.82,0,0,0|0.0,24.91,24.74,0,0,0|
56|56|0.0|0.0|0.0|50000|30000|1825.07|0.0,24.86,25.03,0,0,0|0.0,24.81,24.81,0,0,0|0.0,24.71,24.82,0,0,0|0.0,24.91,24.74,0,0,0|
56|56|0.0|0.0|0.0|50000|30000|1825.07|0.0,24.86,25.03,0,0,0|0.0,24.81,24.81,0,0,0|0.0,24.71,24.82,0,0,0|0.0,24.91,24.79,0,0,0|
56|56|0.0|0.0|0.0|50000|30000|1825.07|0.0,24.86,25.03,0,0,0|0.0,24.81,24.76,0,0,0|0.0,24.75,24.82,0,0,0|0.0,24.91,24.79,0,0,0|
56|56|0.0|0.0|0.0|50000|30000|1825.07|0.0,24.86,25.03,0,0,0|0.0,24.81,24.81,0,0,0|0.0,24.64,24.69,0,0,0|0.0,24.91,24.79,0,0,0|
57|57|0.0|0.0|0.0|50000|30000|1825.07|0.0,25.33,25.03,0,0,0|0.0,24.81,24.81,0,0,0|0.0,24.64,24.69,0,0,0|0.0,24.91,24.79,0,0,0|
57|57|0.0|0.0|0.0|50000|30000|1825.07|0.0,25.33,25.03,0,0,0|0.0,24.81,24.81,0,0,0|0.0,24.64,24.69,0,0,0|0.0,24.91,24.79,0,0,0|
57|57|0.0|0.0|0.0|50000|30000|1825.07|0.0,25.33,25.03,0,0,0|0.0,24.81,24.76,0,0,0|0.0,24.64,24.69,0,0,0|0.0,24.91,24.79,0,0,0|
57|57|0.0|0.0|0.0|50000|30000|1825.07|0.0,24.86,24.87,0,0,0|0.0,24.81,24.76,0,0,0|0.0,24.63,24.69,0,0,0|0.0,24.91,24.79,0,0,0|
58|58|0.0|0.0|0.0|50000|30000|1825.07|0.0,24.86,24.87,0,0,0|0.0,24.81,24.81,0,0,0|0.0,24.63,24.69,0,0,0|0.0,24.91,24.79,0,0,0|
58|58|0.0|0.0|0.0|50000|30000|1825.07|0.0,24.9,25.03,0,0,0|0.0,24.81,24.81,0,0,0|0.0,24.63,24.73,0,0,0|0.0,24.91,24.79,0,0,0|
58|58|0.0|0.0|0.0|50000|30000|1825.07|0.0,24.86,25.03,0,0,0|0.0,24.81,24.81,0,0,0|0.0,24.63,24.73,0,0,0|0.0,24.91,24.79,0,0,0|
58|58|0.0|0.0|0.0|50000|30000|1825.07|0.0,24.86,25.03,0,0,0|0.0,24.81,24.81,0,0,0|0.0,24.63,24.73,0,0,0|0.0,24.91,24.79,0,0,0|
59|59|0.0|0.0|0.0|50000|30000|1825.07|0.0,24.86,25.03,0,0,0|0.0,24.81,24.85,0,0,0|0.0,24.63,24.73,0,0,0|0.0,24.91,24.79,0,0,0|
59|59|0.0|0.0|0.0|50000|30000|1825.07|0.0,24.86,25.03,0,0,0|0.0,24.81,24.88,0,0,0|0.0,24.63,24.73,0,0,0|0.0,24.91,24.79,0,0,0|
59|59|0.0|0.0|0.0|50000|30000|1825.07|0.0,24.86,25.02,0,0,0|0.0,24.81,24.88,0,0,0|0.0,24.63,24.73,0,0,0|0.0,24.91,24.79,0,0,0|
59|59|0.0|0.0|0.0|50000|30000|1825.07|0.0,25.31,25.03,0,0,0|0.0,24.81,24.88,0,0,0|0.0,24.82,24.82,0,0,0|0.0,24.91,24.79,0,0,0|
60|0|0.0|0.0|0.0|50000|30000|1825.07|0.0,25.61,25.03,0,0,0|0.0,24.81,0.0,0,0,0|0.0,25.7,24.82,0,0,0|0.0,25.04,24.94,0,0,0|
60|0|0.0|0.0|0.0|50000|30000|1825.07|0.0,25.51,25.03,0,0,0|0.0,24.81,24.82,24.79,24.84,1800|0.0,25.7,24.82,0,0,0|0.0,25.04,24.94,0,0,0|quote:SMMR:1800:24.79/24.84
60|0|1800.0|1800.0|-1800.0|50000|30000|1825.07|0.0,25.51,25.03,0,0,0|-1800.0,24.81,25.07,25.0,25.6,1540|0.0,25.71,24.82,0,0,0|0.0,25.04,24.94,0,0,0|quote:SMMR:1540:25.00/25.60
61|1|260.0|260.0|-260.0|50000|30000|1447.07|0.0,25.51,25.03,0,0,0|-260.0,24.81,25.07,24.69,25.29,1762|0.0,25.0,24.82,0,0,0|0.0,24.91,24.94,24.9,24.95,2250|quote:SMMR:1762:24.69/25.29;quote:WNTR:2250:24.90/24.95
62|2|2510.0|2510.0|1990.0|50000|30000|1635.07|0.0,25.51,25.03,0,0,0|-260.0,24.81,24.83,24.819999999999997,24.9,1762|0.0,25.38,24.82,0,0,0|2250.0,24.91,24.78,0,0,0|quote:SMMR:1762:24.82/24.90
63|3|260.0|260.0|-260.0|50000|30000|2028.82|0.0,25.51,25.03,0,0,0|-260.0,24.82,24.88,24.869999999999997,24.92,5875|0.0,25.38,24.82,0,0,0|0.0,24.91,24.88,0,0,0|quote:SMMR:5875:24.87/24.92
63|3|260.0|260.0|-260.0|50000|30000|2028.82|0.0,25.51,25.03,0,0,0|-260.0,24.87,24.88,24.869999999999997,24.94,5875|0.0,25.74,24.82,0,0,0|0.0,24.91,24.94,24.91,24.94,7500|quote:SMMR:5875:24.87/24.94;quote:WNTR:7500:24.91/24.94
64|4|11490.0|11490.0|11490.0|50000|30000|2164.17|0.0,25.51,25.03,0,0,0|11490.0,24.81,24.98,22.52,24.82,100|0.0,25.38,24.82,0,0,0|0.0,24.93,24.94,24.93,24.95,7500|quote:SMMR:100:22.52/24.82;quote:WNTR:7500:24.93/24.95
65|5|11390.0|11390.0|11390.0|50000|30000|2589.87|0.0,24.9,25.03,24.91,25.02,3000|11390.0,24.81,24.78,0,0,0|0.0,25.0,24.82,0,0,0|0.0,24.91,24.94,24.91,24.94,7500|quote:SPNG:3000:24.91/25.02;quote:WNTR:7500:24.91/24.94
66|6|11390.0|11390.0|11390.0|50000|30000|1223.07|0.0,24.91,25.02,24.92,25.01,3000|11390.0,24.84,24.86,22.56,24.85,100|0.0,25.59,24.82,0,0,0|0.0,24.91,24.92,24.9,24.93,7500|quote:SPNG:3000:24.92/25.01;quote:SMMR:100:22.56/24.85;quote:WNTR:7500:24.90/24.93
67|7|17390.0|17390.0|5390.0|50000|30000|-2766.93|-6000.0,25.61,25.03,0,0,0|11390.0,24.84,24.85,22.56,24.85,100|0.0,25.26,24.82,0,0,0|0.0,24.91,24.92,24.9,24.93,7500|quote:SMMR:100:22.56/24.85;quote:WNTR:7500:24.90/24.93
68|8|24890.0|24890.0|-2110.0|50000|30000|-501.03|-6000.0,25.3,25.03,0,0,0|11390.0,24.84,24.85,22.56,24.85,100|0.0,25.47,24.82,0,0,0|-7500.0,25.01,24.94,0,0,0|quote:SMMR:100:22.56/24.85
68|8|24890.0|24890.0|-2110.0|50000|30000|-501.03|-6000.0,25.3,25.03,0,0,0|11390.0,24.84,24.85,22.56,24.85,100|0.0,25.47,24.82,0,0,0|-7500.0,25.01,24.94,0,0,0|quote:SMMR:100:22.56/24.85
68|8|24890.0|24890.0|-2110.0|50000|30000|-501.03|-6000.0,25.3,25.03,0,0,0|11390.0,24.81,24.85,22.54,24.82,100|0.0,25.47,24.82,0,0,0|-7500.0,25.25,24.94,0,0,0|quote:SMMR:100:22.54/24.82
69|9|24890.0|24890.0|-2110.0|50000|30000|-2984.43|-6000.0,25.41,25.03,0,0,0|11390.0,24.81,24.8,0,0,0|0.0,25.34,24.82,0,0,0|-7500.0,25.12,24.94,0,0,0|
69|9|24890.0|24890.0|-2110.0|50000|30000|-2984.43|-6000.0,25.3,25.03,0,0,0|11390.0,24.82,24.85,22.55,24.830000000000002,100|0.0,25.61,24.82,0,0,0|-7500.0,25.12,24.94,0,0,0|quote:SMMR:100:22.55/24.83
70|10|24790.0|24790.0|-2210.0|50000|30000|-3751.93|-6000.0,25.33,25.03,0,0,0|11290.0,24.83,24.84,22.57,24.84,100|0.0,25.61,24.82,0,0,0|-7500.0,25.04,24.94,0,0,0|quote:SMMR:100:22.57/24.84
70|10|24790.0|24790.0|-2210.0|50000|30000|-3751.93|-6000.0,25.33,25.03,0,0,0|11290.0,24.83,24.85,22.57,24.84,100|0.0,25.61,24.82,0,0,0|-7500.0,24.92,24.94,24.93,26.44,300|quote:SMMR:100:22.57/24.84;quote:WNTR:300:24.93/26.44
71|11|24690.0|24690.0|-2310.0|50000|30000|-594.83|-6000.0,25.33,25.03,0,0,0|11190.0,24.82,24.85,22.59,24.830000000000002,100|0.0,25.61,24.82,0,0,0|-7500.0,24.93,24.94,24.93,26.45,300|quote:SMMR:100:22.59/24.83;quote:WNTR:300:24.93/26.45
71|11|24690.0|24690.0|-2310.0|50000|30000|-594.83|-6000.0,25.28,25.03,0,0,0|11190.0,24.81,24.83,22.57,24.82,100|0.0,25.62,24.82,0,0,0|-7500.0,25.08,24.94,0,0,0|quote:SMMR:100:22.57/24.82
72|12|24690.0|24690.0|-2310.0|50000|30000|-1651.73|-6000.0,25.31,25.03,0,0,0|11190.0,24.81,24.8,0,0,0|0.0,25.64,24.82,0,0,0|-7500.0,24.95,24.94,0,0,0|
72|12|24690.0|24690.0|-2310.0|50000|30000|-1651.73|-6000.0,25.19,25.03,0,0,0|11190.0,24.81,24.8,0,0,0|0.0,25.64,24.82,0,0,0|-7500.0,24.99,24.94,0,0,0|
72|12|24690.0|24690.0|-2310.0|50000|30000|-1651.73|-6000.0,25.19,25.03,0,0,0|11190.0,24.81,24.8,0,0,0|0.0,25.62,24.82,0,0,0|-7500.0,24.99,24.94,0,0,0|
73|13|24690.0|24690.0|-2310.0|50000|30000|-4230.53|-6000.0,25.22,25.03,0,0,0|11190.0,24.81,24.8,0,0,0|0.0,25.61,24.82,0,0,0|-7500.0,24.99,24.94,0,0,0|
73|13|24690.0|24690.0|-2310.0|50000|30000|-4230.53|-6000.0,25.22,25.03,0,0,0|11190.0,24.81,24.8,0,0,0|0.0,25.67,24.82,0,0,0|-7500.0,24.99,24.94,0,0,0|
73|13|24690.0|24690.0|-2310.0|50000|30000|-4230.53|-6000.0,25.22,25.03,0,0,0|11190.0,24.89,24.91,22.65,24.900000000000002,100|0.0,25.34,24.82,0,0,0|-7500.0,24.99,24.94,0,0,0|quote:SMMR:100:22.65/24.90
73|13|24690.0|24690.0|-2310.0|50000|30000|-4230.53|-6000.0,25.48,25.03,0,0,0|11190.0,24.89,24.91,22.65,24.900000000000002,100|0.0,25.37,24.82,0,0,0|-7500.0,24.99,24.94,0,0,0|quote:SMMR:100:22.65/24.90
74|14|24590.0|24590.0|-2410.0|50000|30000|-2265.53|-6000.0,25.22,25.03,0,0,0|11090.0,24.82,24.91,22.61,24.830000000000002,100|0.0,25.37,24.82,0,0,0|-7500.0,24.99,24.94,0,0,0|quote:SMMR:100:22.61/24.83
74|14|24490.0|24490.0|-2510.0|50000|30000|-2265.53|-6000.0,25.25,25.03,0,0,0|10990.0,24.87,24.88,22.67,24.880000000000003,100|0.0,25.34,24.82,0,0,0|-7500.0,24.99,24.94,0,0,0|quote:SMMR:100:22.67/24.88
75|15|24490.0|24490.0|-2510.0|50000|30000|-3092.33|-6000.0,25.89,25.03,0,0,0|10990.0,24.87,24.88,22.67,24.880000000000003,100|0.0,25.34,24.82,0,0,0|-7500.0,24.93,24.94,24.93,26.45,300|quote:SMMR:100:22.67/24.88;quote:WNTR:300:24.93/26.45
75|15|24490.0|24490.0|-2510.0|50000|30000|-3092.33|-6000.0,25.25,25.03,0,0,0|10990.0,24.81,24.88,22.62,24.82,100|0.0,25.34,24.82,0,0,0|-7500.0,24.99,24.94,0,0,0|quote:SMMR:100:22.62/24.82
76|16|24390.0|24390.0|-2610.0|50000|30000|-2711.83|-6000.0,25.25,25.03,0,0,0|10890.0,24.82,24.91,22.65,24.830000000000002,100|0.0,25.34,24.82,0,0,0|-7500.0,24.99,24.94,0,0,0|quote:SMMR:100:22.65/24.83
76|16|24290.0|24290.0|-2710.0|50000|30000|-2711.83|-6000.0,25.25,25.03,0,0,0|10790.0,24.84,24.91,22.69,24.85,100|0.0,25.58,24.82,0,0,0|-7500.0,24.99,24.94,0,0,0|quote:SMMR:100:22.69/24.85
77|17|24290.0|24290.0|-2710.0|50000|30000|-1103.03|-6000.0,25.22,25.03,0,0,0|10790.0,24.84,24.85,22.68,24.85,100|0.0,25.87,24.82,0,0,0|-7500.0,25.02,24.94,0,0,0|quote:SMMR:100:22.68/24.85
77|17|24290.0|24290.0|-2710.0|50000|30000|-1103.03|-6000.0,25.22,25.03,0,0,0|10790.0,24.81,24.83,22.65,24.82,100|0.0,25.58,24.82,0,0,0|-7500.0,25.02,24.94,0,0,0|quote:SMMR:100:22.65/24.82
78|18|24290.0|24290.0|-2710.0|50000|30000|-1642.53|-6000.0,25.64,25.03,0,0,0|10790.0,24.81,24.75,0,0,0|0.0,25.34,24.82,0,0,0|-7500.0,24.97,24.94,0,0,0|
78|18|24290.0|24290.0|-2710.0|50000|30000|-1642.53|-6000.0,25.22,25.03,0,0,0|10790.0,24.81,24.75,0,0,0|0.0,25.37,24.82,0,0,0|-7500.0,24.97,24.94,0,0,0|
79|19|24290.0|24290.0|-2710.0|50000|30000|-1733.53|-6000.0,25.16,25.03,0,0,0|10790.0,24.89,24.91,22.73,24.900000000000002,100|0.0,25.37,24.82,0,0,0|-7500.0,24.97,24.94,0,0,0|quote:SMMR:100:22.73/24.90
79|19|24290.0|24290.0|-2710.0|50000|30000|-1733.53|-6000.0,25.66,25.03,0,0,0|10790.0,24.81,24.79,0,0,0|0.0,25.37,24.82,0,0,0|-7500.0,24.95,24.94,0,0,0|
79|19|24290.0|24290.0|-2710.0|50000|30000|-1733.53|-6000.0,25.66,25.03,0,0,0|10790.0,24.81,24.79,0,0,0|0.0,25.37,24.82,0,0,0|-7500.0,24.95,24.94,0,0,0|
79|19|24290.0|24290.0|-2710.0|50000|30000|-1733.53|-6000.0,25.19,25.03,0,0,0|10790.0,24.81,24.74,0,0,0|0.0,25.49,24.82,0,0,0|-7500.0,24.95,24.94,0,0,0|
80|20|24290.0|24290.0|-2710.0|50000|30000|-2815.93|-6000.0,25.62,25.03,0,0,0|10790.0,24.81,24.91,22.66,24.82,100|0.0,25.52,24.82,0,0,0|-7500.0,25.13,24.94,0,0,0|quote:SMMR:100:22.66/24.82
80|20|24190.0|24190.0|-2810.0|50000|30000|-2815.93|-6000.0,25.62,25.03,0,0,0|10690.0,24.81,24.93,22.68,24.82,100|0.0,25.73,24.82,0,0,0|-7500.0,25.1,24.94,0,0,0|quote:SMMR:100:22.68/24.82
81|21|24190.0|24190.0|-2810.0|50000|30000|-4069.43|-6000.0,25.62,25.03,0,0,0|10690.0,24.81,24.82,22.67,24.82,100|0.0,25.73,24.82,0,0,0|-7500.0,25.1,24.94,0,0,0|quote:SMMR:100:22.67/24.82
81|21|24190.0|24190.0|-2810.0|50000|30000|-4069.43|-6000.0,25.16,25.03,0,0,0|10690.0,24.81,24.69,0,0,0|0.0,25.73,24.82,0,0,0|-7500.0,25.03,24.94,0,0,0|
81|21|24190.0|24190.0|-2810.0|50000|30000|-4069.43|-6000.0,25.16,25.03,0,0,0|10690.0,24.81,24.69,0,0,0|0.0,25.52,24.82,0,0,0|-7500.0,25.04,24.94,0,0,0|
82|22|24190.0|24190.0|-2810.0|50000|30000|-2082.03|-6000.0,25.19,25.03,0,0,0|10690.0,24.81,24.83,22.67,24.82,100|0.0,25.52,24.82,0,0,0|-7500.0,25.04,24.94,0,0,0|quote:SMMR:100:22.67/24.82
82|22|24190.0|24190.0|-2810.0|50000|30000|-2082.03|-6000.0,25.14,25.03,0,0,0|10690.0,24.81,24.82,22.67,24.82,100|0.0,25.49,24.82,0,0,0|-7500.0,25.04,24.94,0,0,0|quote:SMMR:100:22.67/24.82
83|23|24190.0|24190.0|-2810.0|50000|30000|-3043.73|-6000.0,25.17,25.03,0,0,0|10690.0,24.81,24.84,22.68,24.82,100|0.0,25.69,24.82,0,0,0|-7500.0,24.99,24.94,0,0,0|quote:SMMR:100:22.68/24.82
83|23|24190.0|24190.0|-2810.0|50000|30000|-3043.73|-6000.0,25.17,25.03,0,0,0|10690.0,24.81,24.76,0,0,0|0.0,25.52,24.82,0,0,0|-7500.0,24.95,24.94,0,0,0|
83|23|24190.0|24190.0|-2810.0|50000|30000|-3043.73|-6000.0,25.17,25.03,0,0,0|10690.0,24.81,24.84,22.68,24.82,100|0.0,25.52,24.82,0,0,0|-7500.0,24.95,24.94,0,0,0|quote:SMMR:100:22.68/24.82
84|24|24190.0|24190.0|-2810.0|50000|30000|-4842.23|-6000.0,25.72,25.03,0,0,0|10690.0,24.81,24.7,0,0,0|0.0,25.49,24.82,0,0,0|-7500.0,24.96,24.94,0,0,0|
84|24|24190.0|24190.0|-2810.0|50000|30000|-4842.23|-6000.0,25.72,25.03,0,0,0|10690.0,24.81,24.76,0,0,0|0.0,25.52,24.82,0,0,0|-7500.0,24.97,24.94,0,0,0|
84|24|24190.0|24190.0|-2810.0|50000|30000|-4842.23|-6000.0,25.14,25.03,0,0,0|10690.0,24.81,24.73,0,0,0|0.0,25.52,24.82,0,0,0|-7500.0,25.15,24.94,0,0,0|
84|24|24190.0|24190.0|-2810.0|50000|30000|-4842.23|-6000.0,25.14,25.03,0,0,0|10690.0,24.81,24.93,22.68,24.82,100|0.0,25.52,24.82,0,0,0|-7500.0,25.15,24.94,0,0,0|quote:SMMR:100:22.68/24.82
85|25|24190.0|24190.0|-2810.0|50000|30000|-2344.43|-6000.0,25.17,25.03,0,0,0|10690.0,24.81,24.82,22.67,24.82,100|0.0,25.52,24.82,0,0,0|-7500.0,25.15,24.94,0,0,0|quote:SMMR:100:22.67/24.82
86|26|24190.0|24190.0|-2810.0|50000|30000|-4624.43|-6000.0,25.53,25.03,0,0,0|10690.0,24.81,24.8,0,0,0|0.0,25.52,24.82,0,0,0|-7500.0,24.97,24.94,0,0,0|
86|26|24190.0|24190.0|-2810.0|50000|30000|-4624.43|-6000.0,25.5,25.03,0,0,0|10690.0,24.81,24.76,0,0,0|0.0,25.78,24.82,0,0,0|-7500.0,25.0,24.94,0,0,0|
86|26|24190.0|24190.0|-2810.0|50000|30000|-4624.43|-6000.0,25.17,25.03,0,0,0|10690.0,24.81,24.73,0,0,0|0.0,25.8,24.82,0,0,0|-7500.0,24.93,24.94,24.93,26.45,300|quote:WNTR:300:24.93/26.45
87|27|23890.0|23890.0|-2510.0|50000|30000|-2565.73|-6000.0,25.17,25.03,0,0,0|10690.0,24.81,24.8,0,0,0|0.0,25.49,24.82,0,0,0|-7200.0,24.92,24.94,24.93,26.38,318|quote:WNTR:318:24.93/26.38
87|27|23890.0|23890.0|-2510.0|50000|30000|-2565.73|-6000.0,25.2,25.03,0,0,0|10690.0,24.81,24.7,0,0,0|0.0,25.52,24.82,0,0,0|-7200.0,24.95,24.94,0,0,0|
87|27|23890.0|23890.0|-2510.0|50000|30000|-2565.73|-6000.0,25.2,25.03,0,0,0|10690.0,24.81,24.7,0,0,0|0.0,25.52,24.82,0,0,0|-7200.0,24.92,24.94,24.93,26.38,318|quote:WNTR:318:24.93/26.38
88|28|23572.0|23572.0|-2192.0|50000|30000|-3056.39|-6000.0,25.45,25.03,0,0,0|10690.0,24.81,24.8,0,0,0|0.0,25.52,24.82,0,0,0|-6882.0,24.91,24.91,0,0,0|
88|28|23572.0|23572.0|-2192.0|50000|30000|-3056.39|-6000.0,25.45,25.03,0,0,0|10690.0,24.81,24.8,0,0,0|0.0,25.52,24.82,0,0,0|-6882.0,24.91,24.91,0,0,0|
88|28|23572.0|23572.0|-2192.0|50000|30000|-3056.39|-6000.0,25.17,25.03,0,0,0|10690.0,24.81,24.77,0,0,0|0.0,25.52,24.82,0,0,0|-6882.0,24.91,24.91,0,0,0|
89|29|23572.0|23572.0|-2192.0|50000|30000|-2145.99|-6000.0,25.2,25.03,0,0,0|10690.0,24.81,24.8,0,0,0|0.0,25.49,24.82,0,0,0|-6882.0,24.91,24.94,24.93,26.31,337|quote:WNTR:337:24.93/26.31
89|29|23572.0|23572.0|-2192.0|50000|30000|-2145.99|-6000.0,25.2,25.03,0,0,0|10690.0,24.81,24.8,0,0,0|0.0,25.81,24.82,0,0,0|-6882.0,24.93,24.94,24.93,26.32,337|quote:WNTR:337:24.93/26.32
89|29|23572.0|23572.0|-2192.0|50000|30000|-2145.99|-6000.0,25.17,25.03,0,0,0|10690.0,24.81,24.66,0,0,0|0.0,25.81,24.82,0,0,0|-6882.0,24.94,24.94,0,0,0|
90|30|23572.0|23572.0|-2192.0|50000|30000|-2573.59|-6000.0,25.2,25.03,0,0,0|10690.0,24.81,24.71,0,0,0|0.0,25.81,24.82,0,0,0|-6882.0,24.95,24.94,0,0,0|
90|30|23572.0|23572.0|-2192.0|50000|30000|-2573.59|-6000.0,25.42,25.03,0,0,0|10690.0,24.81,24.71,0,0,0|0.0,25.34,24.82,0,0,0|-6882.0,24.94,24.94,0,0,0|
90|30|23572.0|23572.0|-2192.0|50000|30000|-2573.59|-6000.0,25.63,25.03,0,0,0|10690.0,24.81,24.71,0,0,0|0.0,25.7,24.82,0,0,0|-6882.0,24.94,24.94,0,0,0|
90|30|23572.0|23572.0|-2192.0|50000|30000|-2573.59|-6000.0,25.42,25.03,0,0,0|10690.0,24.81,24.68,0,0,0|0.0,25.73,24.82,0,0,0|-6882.0,24.94,24.94,0,0,0|
91|31|23572.0|23572.0|-2192.0|50000|30000|-2967.65|-6000.0,25.42,25.03,0,0,0|10690.0,24.81,24.68,0,0,0|0.0,25.34,24.82,0,0,0|-6882.0,24.96,24.94,0,0,0|
91|31|23572.0|23572.0|-2192.0|50000|30000|-2967.65|-6000.0,25.42,25.03,0,0,0|10690.0,24.81,24.69,0,0,0|0.0,25.34,24.82,0,0,0|-6882.0,24.94,24.94,0,0,0|
91|31|23572.0|23572.0|-2192.0|50000|30000|-2967.65|-6000.0,25.42,25.03,0,0,0|10690.0,24.81,24.69,0,0,0|0.0,25.49,24.82,0,0,0|-6882.0,24.94,24.94,0,0,0|
91|31|23572.0|23572.0|-2192.0|50000|30000|-2967.65|-6000.0,25.51,25.03,0,0,0|10690.0,24.81,24.69,0,0,0|0.0,25.49,24.82,0,0,0|-6882.0,24.94,24.94,0,0,0|
92|32|23572.0|23572.0|-2192.0|50000|30000|-5619.95|-6000.0,25.51,25.03,0,0,0|10690.0,24.81,24.69,0,0,0|0.0,25.53,24.82,0,0,0|-6882.0,24.94,24.94,0,0,0|
92|32|23572.0|23572.0|-2192.0|50000|30000|-5619.95|-6000.0,25.54,25.03,0,0,0|10690.0,24.81,24.69,0,0,0|0.0,25.53,24.82,0,0,0|-6882.0,24.94,24.94,0,0,0|
92|32|23572.0|23572.0|-2192.0|50000|30000|-5619.95|-6000.0,25.42,25.03,0,0,0|10690.0,24.81,24.69,0,0,0|0.0,25.53,24.82,0,0,0|-6882.0,24.94,24.94,0,0,0|
92|32|23572.0|23572.0|-2192.0|50000|30000|-5619.95|-6000.0,25.17,25.03,0,0,0|10690.0,24.81,24.69,0,0,0|0.0,25.53,24.82,0,0,0|-6882.0,24.94,24.94,0,0,0|
93|33|23572.0|23572.0|-2192.0|50000|30000|-3648.77|-6000.0,25.17,25.03,0,0,0|10690.0,24.81,24.69,0,0,0|0.0,25.53,24.82,0,0,0|-6882.0,24.96,24.94,0,0,0|
93|33|23572.0|23572.0|-2192.0|50000|30000|-3648.77|-6000.0,25.4,25.03,0,0,0|10690.0,24.81,24.69,0,0,0|0.0,25.53,24.82,0,0,0|-6882.0,24.94,24.94,0,0,0|
93|33|23572.0|23572.0|-2192.0|50000|30000|-3648.77|-6000.0,25.43,25.03,0,0,0|10690.0,24.81,24.66,0,0,0|0.0,25.49,24.82,0,0,0|-6882.0,24.94,24.94,0,0,0|
93|33|23572.0|23572.0|-2192.0|50000|30000|-3648.77|-6000.0,25.13,25.03,0,0,0|10690.0,24.81,24.66,0,0,0|0.0,25.66,24.82,0,0,0|-6882.0,25.12,24.94,0,0,0|
94|34|23572.0|23572.0|-2192.0|50000|30000|-5044.93|-6000.0,25.16,25.03,0,0,0|10690.0,24.81,24.8,0,0,0|0.0,25.66,24.82,0,0,0|-6882.0,25.12,24.94,0,0,0|
94|34|23572.0|23572.0|-2192.0|50000|30000|-5044.93|-6000.0,25.16,25.03,0,0,0|10690.0,24.81,24.8,0,0,0|0.0,25.66,24.82,0,0,0|-6882.0,24.91,24.94,24.93,26.31,337|quote:WNTR:337:24.93/26.31
94|34|23572.0|23572.0|-2192.0|50000|30000|-5044.93|-6000.0,25.16,25.03,0,0,0|10690.0,24.81,24.66,0,0,0|0.0,25.66,24.82,0,0,0|-6882.0,24.93,24.94,24.93,26.32,337|quote:WNTR:337:24.93/26.32
95|35|23235.0|23235.0|-1855.0|50000|30000|-1527.91|-6000.0,25.15,25.03,0,0,0|10690.0,24.81,24.66,0,0,0|0.0,25.66,24.82,0,0,0|-6545.0,24.91,24.94,24.93,26.24,357|quote:WNTR:357:24.93/26.24
95|35|23235.0|23235.0|-1855.0|50000|30000|-1527.91|-6000.0,25.15,25.03,0,0,0|10690.0,24.81,24.77,0,0,0|0.0,25.66,24.82,0,0,0|-6545.0,24.93,24.94,24.93,26.25,357|quote:WNTR:357:24.93/26.25
96|36|23235.0|23235.0|-1855.0|50000|30000|-758.36|-6000.0,25.15,25.03,0,0,0|10690.0,24.84,24.88,22.71,24.85,100|0.0,25.66,24.82,0,0,0|-6545.0,24.93,24.94,24.93,26.25,357|quote:SMMR:100:22.71/24.85;quote:WNTR:357:24.93/26.25
96|36|22878.0|22878.0|-1498.0|50000|30000|-758.36|-6000.0,25.79,25.03,0,0,0|10690.0,24.81,24.85,22.68,24.82,100|0.0,25.52,24.82,0,0,0|-6188.0,24.91,24.94,24.93,26.17,378|quote:SMMR:100:22.68/24.82;quote:WNTR:378:24.93/26.17
97|37|22778.0|22778.0|-1598.0|50000|30000|-4680.35|-6000.0,25.48,25.03,0,0,0|10590.0,24.81,24.95,22.7,24.82,100|0.0,25.52,24.82,0,0,0|-6188.0,24.93,24.94,24.93,26.18,378|quote:SMMR:100:22.70/24.82;quote:WNTR:378:24.93/26.18
97|37|22678.0|22678.0|-1698.0|50000|30000|-4680.35|-6000.0,25.51,25.03,0,0,0|10490.0,24.83,24.88,22.74,24.84,100|0.0,25.33,24.82,0,0,0|-6188.0,24.93,24.94,24.93,26.18,378|quote:SMMR:100:22.74/24.84;quote:WNTR:378:24.93/26.18
98|38|22300.0|22300.0|-1320.0|50000|30000|-4282.56|-6000.0,25.15,25.03,0,0,0|10490.0,24.81,24.65,0,0,0|0.0,25.33,24.82,0,0,0|-5810.0,24.91,24.94,24.93,26.1,401|quote:WNTR:401:24.93/26.10
98|38|22300.0|22300.0|-1320.0|50000|30000|-4282.56|-6000.0,25.15,25.03,0,0,0|10490.0,24.81,24.65,0,0,0|0.0,25.33,24.82,0,0,0|-5810.0,24.98,24.94,0,0,0|
99|39|22300.0|22300.0|-1320.0|50000|30000|-1050.85|-6000.0,25.22,25.03,0,0,0|10490.0,24.81,24.82,22.71,24.82,100|0.0,25.33,24.82,0,0,0|-5810.0,24.93,24.94,24.93,26.11,401|quote:SMMR:100:22.71/24.82;quote:WNTR:401:24.93/26.11
99|39|22300.0|22300.0|-1320.0|50000|30000|-1050.85|-6000.0,25.15,25.03,0,0,0|10490.0,24.81,24.73,0,0,0|0.0,25.33,24.82,0,0,0|-5810.0,24.94,24.94,0,0,0|
99|39|22300.0|22300.0|-1320.0|50000|30000|-1050.85|-6000.0,25.23,25.03,0,0,0|10490.0,24.81,24.73,0,0,0|0.0,25.33,24.82,0,0,0|-5810.0,24.96,24.94,0,0,0|
100|40|22300.0|22300.0|-1320.0|50000|30000|-5699.15|-6000.0,25.26,25.03,0,0,0|10490.0,24.81,24.65,0,0,0|0.0,25.33,24.82,0,0,0|-5810.0,25.13,24.94,0,0,0|
100|40|22300.0|22300.0|-1320.0|50000|30000|-5699.15|-6000.0,25.67,25.03,0,0,0|10490.0,24.81,24.65,0,0,0|0.0,25.33,24.82,0,0,0|-5810.0,25.13,24.94,0,0,0|
100|40|22300.0|22300.0|-1320.0|50000|30000|-5699.15|-6000.0,25.57,25.03,0,0,0|10490.0,24.81,24.65,0,0,0|0.0,25.33,24.82,0,0,0|-5810.0,25.16,24.94,0,0,0|
100|40|22300.0|22300.0|-1320.0|50000|30000|-5699.15|-6000.0,25.26,25.03,0,0,0|10490.0,24.81,24.73,0,0,0|0.0,25.46,24.82,0,0,0|-5810.0,25.16,24.94,0,0,0|
101|41|22300.0|22300.0|-1320.0|50000|30000|-4395.15|-6000.0,25.26,25.03,0,0,0|10490.0,24.81,24.73,0,0,0|0.0,25.46,24.82,0,0,0|-5810.0,25.16,24.94,0,0,0|
101|41|22300.0|22300.0|-1320.0|50000|30000|-4395.15|-6000.0,25.26,25.03,0,0,0|10490.0,24.81,24.64,0,0,0|0.0,25.46,24.82,0,0,0|-5810.0,25.13,24.94,0,0,0|
101|41|22300.0|22300.0|-1320.0|50000|30000|-4395.15|-6000.0,25.26,25.03,0,0,0|10490.0,24.81,24.64,0,0,0|0.0,25.44,24.82,0,0,0|-5810.0,25.13,24.94,0,0,0|
101|41|22300.0|22300.0|-1320.0|50000|30000|-4395.15|-6000.0,25.35,25.03,0,0,0|10490.0,24.81,24.64,0,0,0|0.0,25.44,24.82,0,0,0|-5810.0,25.13,24.94,0,0,0|
102|42|22300.0|22300.0|-1320.0|50000|30000|-5281.15|-6000.0,25.35,25.03,0,0,0|10490.0,24.81,24.65,0,0,0|0.0,25.33,24.82,0,0,0|-5810.0,25.13,24.94,0,0,0|
102|42|22300.0|22300.0|-1320.0|50000|30000|-5281.15|-6000.0,25.76,25.03,0,0,0|10490.0,24.81,24.65,0,0,0|0.0,25.24,24.82,0,0,0|-5810.0,24.93,24.94,24.93,26.11,401|quote:WNTR:401:24.93/26.11
102|42|22300.0|22300.0|-1320.0|50000|30000|-5281.15|-6000.0,25.76,25.03,0,0,0|10490.0,24.81,24.65,0,0,0|0.0,25.24,24.82,0,0,0|-5810.0,24.93,24.94,24.93,26.11,401|quote:WNTR:401:24.93/26.11
103|43|22300.0|22300.0|-1320.0|50000|30000|-5369.65|-6000.0,25.38,25.03,0,0,0|10490.0,24.81,24.65,0,0,0|0.0,25.24,24.82,0,0,0|-5810.0,24.96,24.94,0,0,0|
103|43|22300.0|22300.0|-1320.0|50000|30000|-5369.65|-6000.0,25.38,25.03,0,0,0|10490.0,24.81,24.65,0,0,0|0.0,25.24,24.82,0,0,0|-5810.0,24.91,24.94,24.93,26.1,401|quote:WNTR:401:24.93/26.10
104|44|22300.0|22300.0|-1320.0|50000|30000|-3916.45|-6000.0,25.31,25.03,0,0,0|10490.0,24.81,24.65,0,0,0|0.0,25.46,24.82,0,0,0|-5810.0,24.93,24.94,24.93,26.11,401|quote:WNTR:401:24.93/26.11
104|44|21899.0|21899.0|-919.0|50000|30000|-3916.45|-6000.0,25.34,25.03,0,0,0|10490.0,24.81,24.73,0,0,0|0.0,25.46,24.82,0,0,0|-5409.0,24.91,24.94,24.93,26.02,425|quote:WNTR:425:24.93/26.02
105|45|21899.0|21899.0|-919.0|50000|30000|-3032.59|-6000.0,25.31,25.03,0,0,0|10490.0,24.81,24.69,0,0,0|0.0,25.46,24.82,0,0,0|-5409.0,24.91,24.94,24.93,26.02,425|quote:WNTR:425:24.93/26.02
105|45|21899.0|21899.0|-919.0|50000|30000|-3032.59|-6000.0,25.31,25.03,0,0,0|10490.0,24.81,24.73,0,0,0|0.0,25.21,24.82,0,0,0|-5409.0,24.91,24.94,24.93,26.02,425|quote:WNTR:425:24.93/26.02
106|46|21899.0|21899.0|-919.0|50000|30000|-1809.35|-6000.0,25.31,25.03,0,0,0|10490.0,24.81,24.73,0,0,0|0.0,25.21,24.82,0,0,0|-5409.0,24.94,24.94,0,0,0|
106|46|21899.0|21899.0|-919.0|50000|30000|-1809.35|-6000.0,25.31,25.03,0,0,0|10490.0,24.81,24.73,0,0,0|0.0,25.21,24.82,0,0,0|-5409.0,24.94,24.94,0,0,0|
106|46|21899.0|21899.0|-919.0|50000|30000|-1809.35|-6000.0,25.31,25.03,0,0,0|10490.0,24.81,24.73,0,0,0|0.0,25.21,24.82,0,0,0|-5409.0,24.94,24.94,0,0,0|
106|46|21899.0|21899.0|-919.0|50000|30000|-1809.35|-6000.0,25.31,25.03,0,0,0|10490.0,24.81,24.73,0,0,0|0.0,25.21,24.82,0,0,0|-5409.0,24.91,24.94,24.93,26.02,425|quote:WNTR:425:24.93/26.02
107|47|21899.0|21899.0|-919.0|50000|30000|-2981.78|-6000.0,25.31,25.03,0,0,0|10490.0,24.81,24.73,0,0,0|0.0,25.2,24.82,0,0,0|-5409.0,24.93,24.94,24.93,26.03,425|quote:WNTR:425:24.93/26.03
107|47|21899.0|21899.0|-919.0|50000|30000|-2981.78|-6000.0,25.34,25.03,0,0,0|10490.0,24.81,24.74,0,0,0|0.0,25.2,24.82,0,0,0|-5409.0,24.91,24.94,24.93,26.02,425|quote:WNTR:425:24.93/26.02
107|47|21899.0|21899.0|-919.0|50000|30000|-2981.78|-6000.0,25.55,25.03,0,0,0|10490.0,24.81,24.73,0,0,0|0.0,25.2,24.82,0,0,0|-5409.0,24.93,24.94,24.93,26.03,425|quote:WNTR:425:24.93/26.03
108|48|21899.0|21899.0|-919.0|50000|30000|-3468.59|-6000.0,25.55,25.03,0,0,0|10490.0,24.81,24.75,0,0,0|0.0,25.26,24.82,0,0,0|-5409.0,25.08,24.94,0,0,0|
108|48|21899.0|21899.0|-919.0|50000|30000|-3468.59|-6000.0,25.55,25.03,0,0,0|10490.0,24.81,24.75,0,0,0|0.0,25.2,24.82,0,0,0|-5409.0,25.0,24.94,0,0,0|
108|48|21899.0|21899.0|-919.0|50000|30000|-3468.59|-6000.0,25.37,25.03,0,0,0|10490.0,24.81,24.75,0,0,0|0.0,25.2,24.82,0,0,0|-5409.0,24.91,24.94,24.93,26.02,425|quote:WNTR:425:24.93/26.02
109|49|21899.0|21899.0|-919.0|50000|30000|-3053.60|-6000.0,25.16,25.03,0,0,0|10490.0,24.81,24.73,0,0,0|0.0,25.2,24.82,0,0,0|-5409.0,24.93,24.94,24.93,26.03,425|quote:WNTR:425:24.93/26.03
109|49|21899.0|21899.0|-919.0|50000|30000|-3053.60|-6000.0,25.32,25.03,0,0,0|10490.0,24.81,24.73,0,0,0|0.0,25.17,24.82,0,0,0|-5409.0,25.1,24.94,0,0,0|
110|50|21899.0|21899.0|-919.0|50000|30000|-3427.62|-6000.0,25.32,25.03,0,0,0|10490.0,24.81,24.75,0,0,0|0.0,25.17,24.82,0,0,0|-5409.0,25.1,24.94,0,0,0|unwind:SPNG:BUY:6000.0:MKT;unwind:SMMR:SELL:10490.0:MKT;unwind:WNTR:BUY:5409.0:MKT
111|51|0.0|0.0|0.0|50000|30000|-4027.87|0.0,25.35,25.03,0,0,0|0.0,24.81,24.78,0,0,0|0.0,25.16,24.82,0,0,0|0.0,24.92,24.94,0,0,0|
111|51|0.0|0.0|0.0|50000|30000|-4027.87|0.0,25.35,25.03,0,0,0|0.0,24.81,24.78,0,0,0|0.0,25.1,24.82,0,0,0|0.0,24.91,24.9,0,0,0|
111|51|0.0|0.0|0.0|50000|30000|-4027.87|0.0,25.35,25.03,0,0,0|0.0,24.81,24.77,0,0,0|0.0,25.1,24.82,0,0,0|0.0,24.91,24.94,0,0,0|
112|52|0.0|0.0|0.0|50000|30000|-4027.87|0.0,25.15,25.03,0,0,0|0.0,24.81,24.81,0,0,0|0.0,25.1,24.82,0,0,0|0.0,24.91,24.94,0,0,0|
112|52|0.0|0.0|0.0|50000|30000|-4027.87|0.0,25.17,25.03,0,0,0|0.0,24.81,24.81,0,0,0|0.0,25.1,24.82,0,0,0|0.0,24.91,24.94,0,0,0|
112|52|0.0|0.0|0.0|50000|30000|-4027.87|0.0,25.15,25.03,0,0,0|0.0,24.81,24.76,0,0,0|0.0,25.1,24.82,0,0,0|0.0,24.91,24.94,0,0,0|
112|52|0.0|0.0|0.0|50000|30000|-4027.87|0.0,25.15,25.03,0,0,0|0.0,24.81,24.81,0,0,0|0.0,25.1,24.82,0,0,0|0.0,24.91,24.94,0,0,0|
113|53|0.0|0.0|0.0|50000|30000|-4027.87|0.0,25.15,25.03,0,0,0|0.0,24.81,24.81,0,0,0|0.0,25.12,24.82,0,0,0|0.0,24.91,24.94,0,0,0|
113|53|0.0|0.0|0.0|50000|30000|-4027.87|0.0,25.15,25.03,0,0,0|0.0,24.81,24.81,0,0,0|0.0,25.12,24.82,0,0,0|0.0,25.03,24.94,0,0,0|
113|53|0.0|0.0|0.0|50000|30000|-4027.87|0.0,25.15,25.03,0,0,0|0.0,24.81,24.81,0,0,0|0.0,25.12,24.82,0,0,0|0.0,24.91,24.94,0,0,0|
113|53|0.0|0.0|0.0|50000|30000|-4027.87|0.0,25.57,25.03,0,0,0|0.0,24.81,24.81,0,0,0|0.0,25.12,24.82,0,0,0|0.0,25.17,24.94,0,0,0|
114|54|0.0|0.0|0.0|50000|30000|-4027.87|0.0,25.15,25.03,0,0,0|0.0,24.81,24.81,0,0,0|0.0,25.12,24.82,0,0,0|0.0,24.91,24.94,0,0,0|
114|54|0.0|0.0|0.0|50000|30000|-4027.87|0.0,25.18,25.03,0,0,0|0.0,24.81,24.81,0,0,0|0.0,25.19,24.82,0,0,0|0.0,25.16,24.94,0,0,0|
114|54|0.0|0.0|0.0|50000|30000|-4027.87|0.0,25.18,25.03,0,0,0|0.0,24.81,24.81,0,0,0|0.0,25.2,24.82,0,0,0|0.0,25.16,24.94,0,0,0|
114|54|0.0|0.0|0.0|50000|30000|-4027.87|0.0,25.57,25.03,0,0,0|0.0,24.81,24.81,0,0,0|0.0,25.2,24.82,0,0,0|0.0,25.16,24.94,0,0,0|
115|55|0.0|0.0|0.0|50000|30000|-4027.87|0.0,25.57,25.03,0,0,0|0.0,24.81,24.81,0,0,0|0.0,25.2,24.82,0,0,0|0.0,25.16,24.94,0,0,0|
115|55|0.0|0.0|0.0|50000|30000|-4027.87|0.0,25.38,25.03,0,0,0|0.0,24.81,24.81,0,0,0|0.0,25.2,24.82,0,0,0|0.0,25.07,24.94,0,0,0|
115|55|0.0|0.0|0.0|50000|30000|-4027.87|0.0,25.15,25.03,0,0,0|0.0,24.81,24.8,0,0,0|0.0,25.55,24.82,0,0,0|0.0,25.18,24.94,0,0,0|
115|55|0.0|0.0|0.0|50000|30000|-4027.87|0.0,25.15,25.03,0,0,0|0.0,24.81,24.8,0,0,0|0.0,25.2,24.82,0,0,0|0.0,25.18,24.94,0,0,0|
116|56|0.0|0.0|0.0|50000|30000|-4027.87|0.0,25.58,25.03,0,0,0|0.0,24.81,24.8,0,0,0|0.0,25.12,24.82,0,0,0|0.0,25.18,24.94,0,0,0|
116|56|0.0|0.0|0.0|50000|30000|-4027.87|0.0,25.58,25.03,0,0,0|0.0,24.81,24.82,0,0,0|0.0,25.12,24.82,0,0,0|0.0,25.18,24.94,0,0,0|
116|56|0.0|0.0|0.0|50000|30000|-4027.87|0.0,25.58,25.03,0,0,0|0.0,24.81,24.81,0,0,0|0.0,25.12,24.82,0,0,0|0.0,25.12,24.94,0,0,0|
116|56|0.0|0.0|0.0|50000|30000|-4027.87|0.0,25.58,25.03,0,0,0|0.0,24.81,24.81,0,0,0|0.0,25.12,24.82,0,0,0|0.0,25.11,24.94,0,0,0|
117|57|0.0|0.0|0.0|50000|30000|-4027.87|0.0,25.38,25.03,0,0,0|0.0,24.81,24.81,0,0,0|0.0,25.12,24.82,0,0,0|0.0,24.91,24.94,0,0,0|
117|57|0.0|0.0|0.0|50000|30000|-4027.87|0.0,25.05,25.03,0,0,0|0.0,24.81,24.82,0,0,0|0.0,25.12,24.82,0,0,0|0.0,25.06,24.94,0,0,0|
117|57|0.0|0.0|0.0|50000|30000|-4027.87|0.0,25.08,25.03,0,0,0|0.0,24.81,24.82,0,0,0|0.0,25.12,24.82,0,0,0|0.0,25.06,24.94,0,0,0|
117|57|0.0|0.0|0.0|50000|30000|-4027.87|0.0,25.08,25.03,0,0,0|0.0,24.83,24.85,0,0,0|0.0,25.12,24.82,0,0,0|0.0,25.07,24.94,0,0,0|
118|58|0.0|0.0|0.0|50000|30000|-4027.87|0.0,25.05,25.03,0,0,0|0.0,24.81,24.85,0,0,0|0.0,25.12,24.82,0,0,0|0.0,25.06,24.94,0,0,0|
118|58|0.0|0.0|0.0|50000|30000|-4027.87|0.0,25.05,25.03,0,0,0|0.0,24.81,24.85,0,0,0|0.0,25.23,24.82,0,0,0|0.0,25.06,24.94,0,0,0|
118|58|0.0|0.0|0.0|50000|30000|-4027.87|0.0,25.05,25.03,0,0,0|0.0,24.81,24.85,0,0,0|0.0,25.23,24.82,0,0,0|0.0,25.06,24.94,0,0,0|
118|58|0.0|0.0|0.0|50000|30000|-4027.87|0.0,25.05,25.03,0,0,0|0.0,24.81,24.85,0,0,0|0.0,25.12,24.82,0,0,0|0.0,25.06,24.94,0,0,0|
119|59|0.0|0.0|0.0|50000|30000|-4027.87|0.0,25.05,25.03,0,0,0|0.0,24.81,24.85,0,0,0|0.0,25.12,24.82,0,0,0|0.0,25.05,24.94,0,0,0|
119|59|0.0|0.0|0.0|50000|30000|-4027.87|0.0,25.05,25.03,0,0,0|0.0,24.82,24.85,0,0,0|0.0,25.52,24.82,0,0,0|0.0,25.05,24.94,0,0,0|
119|59|0.0|0.0|0.0|50000|30000|-4027.87|0.0,25.21,25.03,0,0,0|0.0,24.82,24.88,0,0,0|0.0,25.52,24.82,0,0,0|0.0,25.05,24.94,0,0,0|
120|0|0.0|0.0|0.0|50000|30000|-4027.87|0.0,24.86,25.03,24.76,25.13,900|0.0,26.04,0.0,0,0,0|0.0,24.63,24.52,0,0,0|0.0,26.03,24.94,0,0,0|quote:SPNG:900:24.76/25.13
120|0|900.0|900.0|900.0|50000|30000|-4027.87|900.0,24.86,23.51,0,0,0|0.0,26.04,26.33,25.38,26.99,1800|0.0,24.63,24.52,0,0,0|0.0,26.03,24.94,0,0,0|quote:SMMR:1800:25.38/26.99
121|1|900.0|900.0|900.0|50000|30000|-5008.87|900.0,24.86,23.26,0,0,0|0.0,26.04,26.12,25.71,26.45,1800|0.0,24.63,24.08,0,0,0|0.0,26.03,24.94,0,0,0|quote:SMMR:1800:25.71/26.45
121|1|900.0|900.0|900.0|50000|30000|-5008.87|900.0,24.86,23.26,0,0,0|0.0,26.04,26.12,25.8,26.36,1800|0.0,24.63,24.08,0,0,0|0.0,25.34,24.94,0,0,0|quote:SMMR:1800:25.80/26.36
122|2|900.0|900.0|900.0|50000|30000|-5008.87|900.0,24.86,23.26,0,0,0|0.0,26.04,26.12,25.86,26.3,1800|0.0,24.63,24.08,0,0,0|0.0,25.59,24.94,0,0,0|quote:SMMR:1800:25.86/26.30
122|2|900.0|900.0|900.0|50000|30000|-5008.87|900.0,24.86,22.97,0,0,0|0.0,26.04,26.12,25.9,26.26,1800|0.0,24.63,23.68,0,0,0|0.0,25.61,24.94,0,0,0|quote:SMMR:1800:25.90/26.26
123|3|900.0|900.0|900.0|50000|30000|-4855.87|900.0,24.86,23.26,0,0,0|0.0,26.1,26.12,26.02,26.2,6000|0.0,24.63,23.68,0,0,0|0.0,25.61,24.94,0,0,0|quote:SMMR:6000:26.02/26.20
123|3|900.0|900.0|900.0|50000|30000|-4855.87|900.0,24.86,23.26,0,0,0|0.0,26.1,26.12,26.04,26.18,6000|0.0,24.63,23.68,0,0,0|0.0,25.68,24.94,0,0,0|quote:SMMR:6000:26.04/26.18
124|4|900.0|900.0|900.0|50000|30000|-4855.87|900.0,24.86,23.26,0,0,0|0.0,26.1,26.12,26.1,26.12,6000|0.0,24.63,24.18,0,0,0|0.0,25.97,24.94,0,0,0|quote:SMMR:6000:26.10/26.12
124|4|6900.0|6900.0|6900.0|50000|30000|-4855.87|900.0,24.86,23.13,0,0,0|6000.0,26.04,26.1,24.85,26.05,312|0.0,24.63,23.75,0,0,0|0.0,25.92,24.94,0,0,0|quote:SMMR:312:24.85/26.05
125|5|6900.0|6900.0|6900.0|50000|30000|-5482.87|900.0,24.86,23.08,0,0,0|6000.0,26.04,26.05,24.84,26.05,312|0.0,24.63,23.75,0,0,0|0.0,25.92,24.94,0,0,0|quote:SMMR:312:24.84/26.05
125|5|6900.0|6900.0|6900.0|50000|30000|-5482.87|900.0,24.86,23.26,0,0,0|6000.0,26.04,26.05,24.84,26.05,312|0.0,24.63,23.75,0,0,0|0.0,25.92,24.94,0,0,0|quote:SMMR:312:24.84/26.05
125|5|6900.0|6900.0|6900.0|50000|30000|-5482.87|900.0,24.86,23.26,0,0,0|6000.0,26.04,26.05,24.84,26.05,312|0.0,24.63,23.75,0,0,0|0.0,25.92,24.94,0,0,0|quote:SMMR:312:24.84/26.05
126|6|6588.0|6588.0|6588.0|50000|30000|-5473.51|900.0,24.86,22.89,0,0,0|5688.0,26.04,26.05,24.9,26.05,326|0.0,24.63,24.52,0,0,0|0.0,25.68,24.94,0,0,0|quote:SMMR:326:24.90/26.05
126|6|6262.0|6262.0|6262.0|50000|30000|-5473.51|900.0,24.86,22.86,0,0,0|5362.0,26.04,26.08,24.98,26.05,342|0.0,24.63,23.93,0,0,0|0.0,26.03,24.94,0,0,0|quote:SMMR:342:24.98/26.05
127|7|5920.0|5920.0|5920.0|50000|30000|-5175.47|900.0,24.86,22.86,0,0,0|5020.0,26.09,26.15,25.1,26.1,359|0.0,24.63,23.93,0,0,0|0.0,26.03,24.94,0,0,0|quote:SMMR:359:25.10/26.10
127|7|5920.0|5920.0|5920.0|50000|30000|-5175.47|900.0,24.86,22.86,0,0,0|5020.0,26.03,26.08,25.04,26.040000000000003,359|0.0,24.63,23.93,0,0,0|0.0,26.03,24.94,0,0,0|quote:SMMR:359:25.04/26.04
127|7|5920.0|5920.0|5920.0|50000|30000|-5175.47|900.0,24.86,22.86,0,0,0|5020.0,26.03,26.13,25.04,26.040000000000003,359|0.0,24.63,23.93,0,0,0|0.0,26.03,24.94,0,0,0|quote:SMMR:359:25.04/26.04
128|8|5561.0|5561.0|5561.0|50000|30000|-5200.07|900.0,24.86,23.26,0,0,0|4661.0,26.06,26.2,25.14,26.07,376|0.0,24.63,23.96,0,0,0|0.0,26.03,24.94,0,0,0|quote:SMMR:376:25.14/26.07
128|8|5185.0|5185.0|5185.0|50000|30000|-5200.07|900.0,24.86,23.26,0,0,0|4285.0,26.06,26.2,25.21,26.07,394|0.0,24.63,23.96,0,0,0|0.0,25.79,24.94,0,0,0|quote:SMMR:394:25.21/26.07
129|9|5185.0|5185.0|5185.0|50000|30000|-5321.97|900.0,24.86,23.23,0,0,0|4285.0,26.06,26.07,25.2,26.07,394|0.0,24.63,23.96,0,0,0|0.0,25.79,24.94,0,0,0|quote:SMMR:394:25.20/26.07
129|9|5185.0|5185.0|5185.0|50000|30000|-5321.97|900.0,24.86,23.26,0,0,0|4285.0,26.06,26.2,25.21,26.07,394|0.0,24.63,23.92,0,0,0|0.0,25.73,24.94,0,0,0|quote:SMMR:394:25.21/26.07
129|9|5185.0|5185.0|5185.0|50000|30000|-5321.97|900.0,24.86,23.26,0,0,0|4285.0,26.06,26.07,25.2,26.07,394|0.0,24.63,23.92,0,0,0|0.0,25.73,24.94,0,0,0|quote:SMMR:394:25.20/26.07
130|10|4397.0|4397.0|4397.0|50000|30000|-5076.15|900.0,24.86,23.13,0,0,0|3497.0,26.16,26.18,25.46,26.17,4321|0.0,24.63,23.96,0,0,0|0.0,25.8,24.94,0,0,0|quote:SMMR:4321:25.46/26.17
131|11|4397.0|4397.0|4397.0|50000|30000|-5204.21|900.0,24.86,23.06,0,0,0|3497.0,26.02,26.13,25.33,26.03,4321|0.0,24.63,23.96,0,0,0|0.0,25.99,24.94,0,0,0|quote:SMMR:4321:25.33/26.03
131|11|4397.0|4397.0|4397.0|50000|30000|-5204.21|900.0,24.86,23.13,0,0,0|3497.0,26.02,26.03,25.32,26.03,4321|0.0,24.63,23.96,0,0,0|0.0,25.83,24.94,0,0,0|quote:SMMR:4321:25.32/26.03
132|12|4397.0|4397.0|4397.0|50000|30000|-5544.15|900.0,24.86,23.1,0,0,0|3497.0,26.0,26.02,25.3,26.01,4321|0.0,24.63,23.93,0,0,0|0.0,25.83,24.94,0,0,0|quote:SMMR:4321:25.30/26.01
132|12|1403.0|1403.0|397.0|50000|30000|-5544.15|900.0,24.86,23.1,0,0,0|-503.0,26.0,26.02,26.009999999999998,26.12,5758|0.0,24.63,23.93,0,0,0|0.0,25.83,24.94,0,0,0|quote:SMMR:5758:26.01/26.12
133|13|2397.0|2397.0|2397.0|50000|30000|-5190.18|900.0,24.86,23.05,0,0,0|1497.0,26.01,26.02,25.71,26.020000000000003,5281|0.0,24.63,24.01,0,0,0|0.0,25.92,24.94,0,0,0|quote:SMMR:5281:25.71/26.02
134|14|2397.0|2397.0|2397.0|50000|30000|-5181.27|900.0,24.86,23.16,0,0,0|1497.0,26.04,26.11,25.75,26.05,5281|0.0,24.63,23.98,0,0,0|0.0,25.83,24.94,0,0,0|quote:SMMR:5281:25.75/26.05
134|14|2397.0|2397.0|2397.0|50000|30000|-5181.27|900.0,24.86,23.13,0,0,0|1497.0,26.03,26.05,25.73,26.040000000000003,5281|0.0,24.63,23.98,0,0,0|0.0,25.69,24.94,0,0,0|quote:SMMR:5281:25.73/26.04
135|15|4684.0|4684.0|-2884.0|50000|30000|-5583.53|900.0,24.86,23.29,0,0,0|-3784.0,26.08,26.11,26.099999999999998,26.86,418|0.0,24.63,23.98,0,0,0|0.0,25.69,24.94,0,0,0|quote:SMMR:418:26.10/26.86
135|15|4266.0|4266.0|-2466.0|50000|30000|-5583.53|900.0,24.86,23.26,0,0,0|-3366.0,25.91,25.97,25.959999999999997,26.63,4384|0.0,24.63,23.93,0,0,0|0.0,25.69,24.94,0,0,0|quote:SMMR:4384:25.96/26.63
136|16|4266.0|4266.0|-2466.0|50000|30000|-5537.33|900.0,24.86,22.95,0,0,0|-3366.0,26.05,26.23,26.22,26.89,4384|0.0,24.63,23.93,0,0,0|0.0,25.69,24.94,0,0,0|quote:SMMR:4384:26.22/26.89
136|16|2266.0|2266.0|-466.0|50000|30000|-5537.33|900.0,24.86,22.92,0,0,0|-1366.0,26.22,26.23,26.16,26.57,5344|0.0,24.63,23.93,0,0,0|0.0,25.69,24.94,0,0,0|quote:SMMR:5344:26.16/26.57
137|17|4878.0|4878.0|4878.0|50000|30000|-5777.07|900.0,24.86,23.19,0,0,0|3978.0,25.91,26.01,25.07,25.97,409|0.0,24.63,23.93,0,0,0|0.0,25.69,24.94,0,0,0|quote:SMMR:409:25.07/25.97
137|17|4469.0|4469.0|4469.0|50000|30000|-5777.07|900.0,24.86,23.14,0,0,0|3569.0,26.14,26.2,25.44,26.150000000000002,428|0.0,24.63,23.93,0,0,0|0.0,25.72,24.94,0,0,0|quote:SMMR:428:25.44/26.15
138|18|4469.0|4469.0|4469.0|50000|30000|-5155.83|900.0,24.86,23.14,0,0,0|3569.0,26.06,26.11,25.36,26.07,428|0.0,24.63,23.93,0,0,0|0.0,25.72,24.94,0,0,0|quote:SMMR:428:25.36/26.07
138|18|4469.0|4469.0|4469.0|50000|30000|-5155.83|900.0,24.86,23.14,0,0,0|3569.0,26.06,26.07,25.34,26.07,428|0.0,24.63,23.77,0,0,0|0.0,25.73,24.94,0,0,0|quote:SMMR:428:25.34/26.07
138|18|4469.0|4469.0|4469.0|50000|30000|-5155.83|900.0,24.86,23.14,0,0,0|3569.0,25.92,26.07,25.22,25.930000000000003,428|0.0,24.63,23.96,0,0,0|0.0,25.72,24.94,0,0,0|quote:SMMR:428:25.22/25.93
139|19|4041.0|4041.0|4041.0|50000|30000|-5970.49|900.0,24.86,23.32,0,0,0|3141.0,25.92,26.14,25.3,25.930000000000003,4492|0.0,24.63,23.93,0,0,0|0.0,25.76,24.94,0,0,0|quote:SMMR:4492:25.30/25.93
139|19|2251.0|2251.0|-451.0|50000|30000|-5970.49|900.0,24.86,22.84,0,0,0|-1351.0,25.94,26.11,26.099999999999998,26.37,5351|0.0,24.63,23.96,0,0,0|0.0,25.77,24.94,0,0,0|quote:SMMR:5351:26.10/26.37
140|20|1549.0|1549.0|1549.0|50000|30000|-6061.58|900.0,24.86,22.84,0,0,0|649.0,26.1,26.11,25.97,26.110000000000003,5688|0.0,24.63,24.01,0,0,0|0.0,25.77,24.94,0,0,0|quote:SMMR:5688:25.97/26.11
140|20|1549.0|1549.0|1549.0|50000|30000|-6061.58|900.0,24.86,22.84,0,0,0|649.0,26.08,26.11,25.96,26.09,5688|0.0,24.63,24.04,0,0,0|0.0,25.74,24.94,0,0,0|quote:SMMR:5688:25.96/26.09
141|21|1549.0|1549.0|1549.0|50000|30000|-6021.05|900.0,24.86,22.84,0,0,0|649.0,26.08,26.09,25.95,26.09,5688|0.0,24.63,24.04,0,0,0|0.0,25.75,24.94,0,0,0|quote:SMMR:5688:25.95/26.09
142|22|5939.0|5939.0|-4139.0|50000|30000|-6223.66|900.0,24.86,23.32,0,0,0|-5039.0,26.09,26.15,26.139999999999997,27.15,358|0.0,24.63,24.0,0,0,0|0.0,25.78,24.94,0,0,0|quote:SMMR:358:26.14/27.15
142|22|5939.0|5939.0|-4139.0|50000|30000|-6223.66|900.0,24.86,23.29,0,0,0|-5039.0,26.07,26.15,26.139999999999997,27.15,358|0.0,24.63,23.69,0,0,0|0.0,25.88,24.94,0,0,0|quote:SMMR:358:26.14/27.15
142|22|5581.0|5581.0|-3781.0|50000|30000|-6223.66|900.0,24.86,23.29,0,0,0|-4681.0,26.08,26.26,26.25,27.19,375|0.0,24.63,24.0,0,0,0|0.0,25.88,24.94,0,0,0|quote:SMMR:375:26.25/27.19
143|23|5206.0|5206.0|-3406.0|50000|30000|-7030.15|900.0,24.86,23.32,0,0,0|-4306.0,26.1,26.23,26.22,27.08,393|0.0,24.63,23.97,0,0,0|0.0,25.83,24.94,0,0,0|quote:SMMR:393:26.22/27.08
143|23|4813.0|4813.0|-3013.0|50000|30000|-7030.15|900.0,24.86,23.32,0,0,0|-3913.0,26.0,26.04,26.029999999999998,26.81,412|0.0,24.63,24.23,0,0,0|0.0,25.83,24.94,0,0,0|quote:SMMR:412:26.03/26.81
144|24|4813.0|4813.0|-3013.0|50000|30000|-5546.94|900.0,24.86,23.32,0,0,0|-3913.0,26.03,26.04,26.029999999999998,26.83,412|0.0,24.63,24.23,0,0,0|0.0,25.84,24.94,0,0,0|quote:SMMR:412:26.03/26.83
144|24|4813.0|4813.0|-3013.0|50000|30000|-5546.94|900.0,24.86,23.29,0,0,0|-3913.0,26.03,26.04,26.029999999999998,26.83,412|0.0,24.63,24.23,0,0,0|0.0,25.84,24.94,0,0,0|quote:SMMR:412:26.03/26.83
144|24|4813.0|4813.0|-3013.0|50000|30000|-5546.94|900.0,24.86,22.77,0,0,0|-3913.0,26.03,26.04,26.029999999999998,26.83,412|0.0,24.63,24.23,0,0,0|0.0,25.79,24.94,0,0,0|quote:SMMR:412:26.03/26.83
145|25|4813.0|4813.0|-3013.0|50000|30000|-6959.93|900.0,24.86,22.77,0,0,0|-3913.0,26.03,26.27,26.259999999999998,27.04,412|0.0,24.63,24.2,0,0,0|0.0,25.79,24.94,0,0,0|quote:SMMR:412:26.26/27.04
145|25|4401.0|4401.0|-2601.0|50000|30000|-6959.93|900.0,24.86,23.29,0,0,0|-3501.0,26.14,26.24,26.229999999999997,26.93,431|0.0,24.63,24.2,0,0,0|0.0,25.83,24.94,0,0,0|quote:SMMR:431:26.23/26.93
146|26|3970.0|3970.0|-2170.0|50000|30000|-6509.30|900.0,24.86,23.26,0,0,0|-3070.0,26.03,26.11,26.099999999999998,26.71,4526|0.0,24.63,23.8,0,0,0|0.0,25.89,24.94,0,0,0|quote:SMMR:4526:26.10/26.71
146|26|2356.0|2356.0|2356.0|50000|30000|-6509.30|900.0,24.86,23.04,0,0,0|1456.0,25.97,26.14,25.69,25.98,5301|0.0,24.63,24.15,0,0,0|0.0,25.89,24.94,0,0,0|quote:SMMR:5301:25.69/25.98
147|27|4745.0|4745.0|-2945.0|50000|30000|-6381.22|900.0,24.86,23.32,0,0,0|-3845.0,26.06,26.08,26.069999999999997,26.85,415|0.0,24.63,24.12,0,0,0|0.0,25.89,24.94,0,0,0|quote:SMMR:415:26.07/26.85
147|27|4745.0|4745.0|-2945.0|50000|30000|-6381.22|900.0,24.86,23.29,0,0,0|-3845.0,26.07,26.08,26.069999999999997,26.85,415|0.0,24.63,23.61,0,0,0|0.0,25.89,24.94,0,0,0|quote:SMMR:415:26.07/26.85
148|28|4745.0|4745.0|-2945.0|50000|30000|-6618.14|900.0,24.86,22.66,0,0,0|-3845.0,26.07,26.08,26.069999999999997,26.85,415|0.0,24.63,23.61,0,0,0|0.0,25.89,24.94,0,0,0|quote:SMMR:415:26.07/26.85
148|28|4330.0|4330.0|-2530.0|50000|30000|-6618.14|900.0,24.86,23.32,0,0,0|-3430.0,26.02,26.11,26.099999999999998,26.79,4353|0.0,24.63,23.61,0,0,0|0.0,25.88,24.94,0,0,0|quote:SMMR:4353:26.10/26.79
149|29|1823.0|1823.0|1823.0|50000|30000|-6273.38|900.0,24.86,23.32,0,0,0|923.0,26.05,26.1,25.88,26.060000000000002,5556|0.0,24.63,23.94,0,0,0|0.0,25.95,24.94,0,0,0|quote:SMMR:5556:25.88/26.06
149|29|1823.0|1823.0|1823.0|50000|30000|-6273.38|900.0,24.86,23.29,0,0,0|923.0,26.04,26.06,25.86,26.05,5556|0.0,24.63,23.94,0,0,0|0.0,25.88,24.94,0,0,0|quote:SMMR:5556:25.86/26.05
150|30|5533.0|5533.0|-3733.0|50000|30000|-6241.68|900.0,24.86,23.29,0,0,0|-4633.0,26.23,26.26,26.19,27.24,377|0.0,24.63,23.94,0,0,0|0.0,25.8,24.94,0,0,0|quote:SMMR:377:26.19/27.24
150|30|5156.0|5156.0|-3356.0|50000|30000|-6241.68|900.0,24.86,23.08,0,0,0|-4256.0,26.16,26.17,26.16,27.03,395|0.0,24.63,24.12,0,0,0|0.0,25.8,24.94,0,0,0|quote:SMMR:395:26.16/27.03
151|31|4761.0|4761.0|-2961.0|50000|30000|-6268.19|900.0,24.86,23.07,0,0,0|-3861.0,26.04,26.23,26.22,26.99,414|0.0,24.63,24.07,0,0,0|0.0,25.8,24.94,0,0,0|quote:SMMR:414:26.22/26.99
151|31|4347.0|4347.0|-2547.0|50000|30000|-6268.19|900.0,24.86,23.1,0,0,0|-3447.0,26.12,26.14,26.13,26.83,4345|0.0,24.63,24.04,0,0,0|0.0,25.73,24.94,0,0,0|quote:SMMR:4345:26.13/26.83
152|32|4347.0|4347.0|-2547.0|50000|30000|-5945.54|900.0,24.86,23.07,0,0,0|-3447.0,26.13,26.14,26.13,26.83,4345|0.0,24.63,23.96,0,0,0|0.0,25.76,24.94,0,0,0|quote:SMMR:4345:26.13/26.83
152|32|1798.0|1798.0|1798.0|50000|30000|-5945.54|900.0,24.86,23.07,0,0,0|898.0,26.11,26.14,25.94,26.12,5568|0.0,24.63,23.94,0,0,0|0.0,25.73,24.94,0,0,0|quote:SMMR:5568:25.94/26.12
153|33|1798.0|1798.0|1798.0|50000|30000|-5806.11|900.0,24.86,23.07,0,0,0|898.0,26.1,26.12,25.92,26.110000000000003,5568|0.0,24.63,23.75,0,0,0|0.0,25.76,24.94,0,0,0|quote:SMMR:5568:25.92/26.11
153|33|1798.0|1798.0|1798.0|50000|30000|-5806.11|900.0,24.86,23.07,0,0,0|898.0,26.1,26.13,25.93,26.110000000000003,5568|0.0,24.63,23.94,0,0,0|0.0,25.76,24.94,0,0,0|quote:SMMR:5568:25.93/26.11
154|34|5570.0|5570.0|-3770.0|50000|30000|-6199.47|900.0,24.86,23.07,0,0,0|-4670.0,26.21,26.22,26.209999999999997,27.16,375|0.0,24.63,23.91,0,0,0|0.0,25.79,24.94,0,0,0|quote:SMMR:375:26.21/27.16
154|34|5195.0|5195.0|-3395.0|50000|30000|-6199.47|900.0,24.86,23.07,0,0,0|-4295.0,26.04,26.22,26.209999999999997,27.07,393|0.0,24.63,23.91,0,0,0|0.0,25.97,24.94,0,0,0|quote:SMMR:393:26.21/27.07
154|34|5195.0|5195.0|-3395.0|50000|30000|-6199.47|900.0,24.86,23.11,0,0,0|-4295.0,26.21,26.22,26.209999999999997,27.08,393|0.0,24.63,23.91,0,0,0|0.0,25.79,24.94,0,0,0|quote:SMMR:393:26.21/27.08
155|35|5195.0|5195.0|-3395.0|50000|30000|-6080.22|900.0,24.86,23.29,0,0,0|-4295.0,26.21,26.22,26.209999999999997,27.08,393|0.0,24.63,23.96,0,0,0|0.0,25.82,24.94,0,0,0|quote:SMMR:393:26.21/27.08
155|35|5195.0|5195.0|-3395.0|50000|30000|-6080.22|900.0,24.86,23.13,0,0,0|-4295.0,26.08,26.26,26.25,27.11,393|0.0,24.63,23.93,0,0,0|0.0,25.75,24.94,0,0,0|quote:SMMR:393:26.25/27.11
156|36|4802.0|4802.0|-3002.0|50000|30000|-5680.79|900.0,24.86,23.09,0,0,0|-3902.0,26.08,26.11,26.099999999999998,26.89,412|0.0,24.63,23.93,0,0,0|0.0,25.7,24.94,0,0,0|quote:SMMR:412:26.10/26.89
156|36|4390.0|4390.0|-2590.0|50000|30000|-5680.79|900.0,24.86,23.09,0,0,0|-3490.0,26.09,26.1,26.09,26.8,4324|0.0,24.63,23.93,0,0,0|0.0,25.7,24.94,0,0,0|quote:SMMR:4324:26.09/26.80
157|37|4390.0|4390.0|-2590.0|50000|30000|-5830.43|900.0,24.86,23.13,0,0,0|-3490.0,26.09,26.11,26.099999999999998,26.81,4324|0.0,24.63,23.65,0,0,0|0.0,25.94,24.94,0,0,0|quote:SMMR:4324:26.10/26.81
157|37|4390.0|4390.0|-2590.0|50000|30000|-5830.43|900.0,24.86,23.1,0,0,0|-3490.0,26.1,26.11,26.099999999999998,26.81,4324|0.0,24.63,23.68,0,0,0|0.0,25.94,24.94,0,0,0|quote:SMMR:4324:26.10/26.81
158|38|3734.0|3734.0|3734.0|50000|30000|-5573.65|900.0,24.86,23.29,0,0,0|2834.0,26.06,26.07,25.49,26.07,4639|0.0,24.63,23.96,0,0,0|0.0,25.94,24.94,0,0,0|quote:SMMR:4639:25.49/26.07
158|38|3734.0|3734.0|3734.0|50000|30000|-5573.65|900.0,24.86,23.11,0,0,0|2834.0,26.06,26.07,25.49,26.07,4639|0.0,24.63,23.93,0,0,0|0.0,25.94,24.94,0,0,0|quote:SMMR:4639:25.49/26.07
159|39|3734.0|3734.0|3734.0|50000|30000|-5834.65|900.0,24.86,23.08,0,0,0|2834.0,26.06,26.07,25.49,26.07,4639|0.0,24.63,23.93,0,0,0|0.0,25.94,24.94,0,0,0|quote:SMMR:4639:25.49/26.07
159|39|7344.0|7344.0|-5544.0|50000|30000|-5834.65|900.0,24.86,23.08,0,0,0|-6444.0,26.07,26.13,26.119999999999997,27.41,290|0.0,24.63,23.93,0,0,0|0.0,25.75,24.94,0,0,0|quote:SMMR:290:26.12/27.41
160|40|7344.0|7344.0|-5544.0|50000|30000|-6192.95|900.0,24.86,23.11,0,0,0|-6444.0,26.1,26.13,26.119999999999997,27.41,290|0.0,24.63,24.11,0,0,0|0.0,25.7,24.94,0,0,0|quote:SMMR:290:26.12/27.41
160|40|7054.0|7054.0|-5254.0|50000|30000|-6192.95|900.0,24.86,23.08,0,0,0|-6154.0,26.02,26.03,26.02,27.27,304|0.0,24.63,24.15,0,0,0|0.0,25.77,24.94,0,0,0|quote:SMMR:304:26.02/27.27
161|41|7054.0|7054.0|-5254.0|50000|30000|-5527.35|900.0,24.86,23.08,0,0,0|-6154.0,26.02,26.03,26.02,27.27,304|0.0,24.63,23.96,0,0,0|0.0,25.72,24.94,0,0,0|quote:SMMR:304:26.02/27.27
161|41|7054.0|7054.0|-5254.0|50000|30000|-5527.35|900.0,24.86,22.73,0,0,0|-6154.0,26.02,26.15,26.139999999999997,27.37,304|0.0,24.63,23.96,0,0,0|0.0,25.72,24.94,0,0,0|quote:SMMR:304:26.14/27.37
161|41|7054.0|7054.0|-5254.0|50000|30000|-5527.35|900.0,24.86,22.73,0,0,0|-6154.0,26.05,26.12,26.11,27.34,304|0.0,24.63,23.93,0,0,0|0.0,25.72,24.94,0,0,0|quote:SMMR:304:26.11/27.34
162|42|6446.0|6446.0|-4646.0|50000|30000|-6442.79|900.0,24.86,22.73,0,0,0|-5546.0,25.96,25.97,25.959999999999997,27.08,333|0.0,24.63,23.96,0,0,0|0.0,25.72,24.94,0,0,0|quote:SMMR:333:25.96/27.08
162|42|6446.0|6446.0|-4646.0|50000|30000|-6442.79|900.0,24.86,22.73,0,0,0|-5546.0,26.02,26.12,26.11,27.22,333|0.0,24.63,23.96,0,0,0|0.0,25.79,24.94,0,0,0|quote:SMMR:333:26.11/27.22
163|43|6446.0|6446.0|-4646.0|50000|30000|-6116.97|900.0,24.86,23.08,0,0,0|-5546.0,26.1,26.12,26.11,27.23,333|0.0,24.63,23.93,0,0,0|0.0,25.79,24.94,0,0,0|quote:SMMR:333:26.11/27.23
163|43|6446.0|6446.0|-4646.0|50000|30000|-6116.97|900.0,24.86,23.26,0,0,0|-5546.0,26.1,26.12,26.11,27.23,333|0.0,24.63,23.93,0,0,0|0.0,25.79,24.94,0,0,0|quote:SMMR:333:26.11/27.23
164|44|6446.0|6446.0|-4646.0|50000|30000|-5855.97|900.0,24.86,23.29,0,0,0|-5546.0,26.11,26.12,26.11,27.23,333|0.0,24.63,23.93,0,0,0|0.0,25.81,24.94,0,0,0|quote:SMMR:333:26.11/27.23
164|44|6113.0|6113.0|-4313.0|50000|30000|-5855.97|900.0,24.86,23.26,0,0,0|-5213.0,26.11,26.18,26.169999999999998,27.21,349|0.0,24.63,23.93,0,0,0|0.0,25.81,24.94,0,0,0|quote:SMMR:349:26.17/27.21
164|44|5431.0|5431.0|-3631.0|50000|30000|-5855.97|900.0,24.86,22.86,0,0,0|-4531.0,26.07,26.1,26.09,27.0,382|0.0,24.63,24.05,0,0,0|0.0,25.82,24.94,0,0,0|quote:SMMR:382:26.09/27.00
165|45|5049.0|5049.0|-3249.0|50000|30000|-5961.37|900.0,24.86,23.26,0,0,0|-4149.0,26.0,26.1,26.09,26.92,400|0.0,24.63,24.05,0,0,0|0.0,25.83,24.94,0,0,0|quote:SMMR:400:26.09/26.92
165|45|4649.0|4649.0|-2849.0|50000|30000|-5961.37|900.0,24.86,23.25,0,0,0|-3749.0,26.0,26.1,26.09,26.84,420|0.0,24.63,23.75,0,0,0|0.0,25.9,24.94,0,0,0|quote:SMMR:420:26.09/26.84
166|46|4229.0|4229.0|-2429.0|50000|30000|-5959.84|900.0,24.86,22.86,0,0,0|-3329.0,26.0,26.1,26.09,26.76,4402|0.0,24.63,23.75,0,0,0|0.0,25.9,24.94,0,0,0|quote:SMMR:4402:26.09/26.76
166|46|4229.0|4229.0|-2429.0|50000|30000|-5959.84|900.0,24.86,23.07,0,0,0|-3329.0,26.15,26.18,26.169999999999998,26.84,4402|0.0,24.63,23.75,0,0,0|0.0,25.9,24.94,0,0,0|quote:SMMR:4402:26.17/26.84
167|47|2229.0|2229.0|-429.0|50000|30000|-6146.03|900.0,24.86,22.99,0,0,0|-1329.0,26.17,26.18,26.169999999999998,26.45,5362|0.0,24.63,23.75,0,0,0|0.0,25.83,24.94,0,0,0|quote:SMMR:5362:26.17/26.45
167|47|4933.0|4933.0|4933.0|50000|30000|-6146.03|900.0,24.86,22.99,0,0,0|4033.0,26.15,26.17,25.34,26.16,406|0.0,24.63,23.67,0,0,0|0.0,25.83,24.94,0,0,0|quote:SMMR:406:25.34/26.16
167|47|4933.0|4933.0|4933.0|50000|30000|-6146.03|900.0,24.86,22.99,0,0,0|4033.0,26.15,26.16,25.34,26.16,406|0.0,24.63,23.67,0,0,0|0.0,25.88,24.94,0,0,0|quote:SMMR:406:25.34/26.16
168|48|4933.0|4933.0|4933.0|50000|30000|-6046.16|900.0,24.86,22.99,0,0,0|4033.0,26.15,26.16,25.34,26.16,406|0.0,24.63,23.67,0,0,0|0.0,25.88,24.94,0,0,0|quote:SMMR:406:25.34/26.16
168|48|4933.0|4933.0|4933.0|50000|30000|-6046.16|900.0,24.86,22.99,0,0,0|4033.0,26.15,26.16,25.34,26.16,406|0.0,24.63,23.9,0,0,0|0.0,26.01,24.94,0,0,0|quote:SMMR:406:25.34/26.16
169|49|4933.0|4933.0|4933.0|50000|30000|-6370.16|900.0,24.86,22.99,0,0,0|4033.0,26.15,26.16,25.34,26.16,406|0.0,24.63,23.99,0,0,0|0.0,26.02,24.94,0,0,0|quote:SMMR:406:25.34/26.16
169|49|4933.0|4933.0|4933.0|50000|30000|-6370.16|900.0,24.86,22.96,0,0,0|4033.0,26.15,26.16,25.34,26.16,406|0.0,24.63,24.21,0,0,0|0.0,26.02,24.94,0,0,0|quote:SMMR:406:25.34/26.16
169|49|4933.0|4933.0|4933.0|50000|30000|-6370.16|900.0,24.86,23.11,0,0,0|4033.0,26.15,26.16,25.34,26.16,406|0.0,24.63,24.21,0,0,0|0.0,25.88,24.94,0,0,0|quote:SMMR:406:25.34/26.16
170|50|4933.0|4933.0|4933.0|50000|30000|-6334.16|900.0,24.86,22.98,0,0,0|4033.0,26.15,26.16,0,0,0|0.0,24.63,24.03,0,0,0|0.0,25.91,24.94,0,0,0|unwind:SPNG:SELL:900.0:MKT;unwind:SMMR:SELL:1344.0:LMT@26.15
170|50|4033.0|4033.0|4033.0|50000|30000|-6334.16|0.0,24.86,22.98,0,0,0|4033.0,26.15,26.16,0,0,0|0.0,24.63,24.03,0,0,0|0.0,25.91,24.94,0,0,0|unwind:SMMR:SELL:1344.0:LMT@26.15
170|50|2689.0|2689.0|2689.0|50000|30000|-6334.16|0.0,24.86,22.98,0,0,0|2689.0,26.11,26.15,0,0,0|0.0,24.63,24.03,0,0,0|0.0,25.86,24.94,0,0,0|unwind:SMMR:SELL:896.0:LMT@26.11
171|51|1793.0|1793.0|1793.0|50000|30000|-6360.60|0.0,24.86,22.98,0,0,0|1793.0,26.11,26.17,0,0,0|0.0,24.63,23.73,0,0,0|0.0,25.86,24.94,0,0,0|unwind:SMMR:SELL:597.0:LMT@26.11
171|51|1793.0|1793.0|1793.0|50000|30000|-6360.60|0.0,24.86,22.98,0,0,0|1793.0,26.0,26.14,0,0,0|0.0,24.63,23.7,0,0,0|0.0,25.95,24.94,0,0,0|unwind:SMMR:SELL:597.0:LMT@26.00
172|52|1196.0|1196.0|1196.0|50000|30000|-6551.81|0.0,24.86,22.98,0,0,0|1196.0,26.03,26.14,0,0,0|0.0,24.63,23.7,0,0,0|0.0,25.95,24.94,0,0,0|unwind:SMMR:SELL:398.0:LMT@26.03
172|52|798.0|798.0|798.0|50000|30000|-6551.81|0.0,24.86,22.96,0,0,0|798.0,26.03,26.14,0,0,0|0.0,24.63,24.18,0,0,0|0.0,25.98,24.94,0,0,0|unwind:SMMR:SELL:266.0:LMT@26.03
172|52|532.0|532.0|532.0|50000|30000|-6551.81|0.0,24.86,22.96,0,0,0|532.0,26.05,26.12,0,0,0|0.0,24.63,23.69,0,0,0|0.0,25.98,24.94,0,0,0|unwind:SMMR:SELL:177.0:LMT@26.05
173|53|355.0|355.0|355.0|50000|30000|-6554.45|0.0,24.86,22.99,0,0,0|355.0,26.05,26.12,0,0,0|0.0,24.63,23.69,0,0,0|0.0,25.98,24.94,0,0,0|unwind:SMMR:SELL:118.0:LMT@26.05
173|53|355.0|355.0|355.0|50000|30000|-6554.45|0.0,24.86,23.07,0,0,0|355.0,26.03,26.15,0,0,0|0.0,24.63,23.9,0,0,0|0.0,25.98,24.94,0,0,0|unwind:SMMR:SELL:118.0:LMT@26.03
174|54|237.0|237.0|237.0|50000|30000|-6524.85|0.0,24.86,23.07,0,0,0|237.0,26.15,26.18,0,0,0|0.0,24.63,23.84,0,0,0|0.0,25.97,24.94,0,0,0|unwind:SMMR:SELL:237.0:LMT@26.16
174|54|237.0|237.0|237.0|50000|30000|-6524.85|0.0,24.86,23.07,0,0,0|237.0,25.96,25.97,0,0,0|0.0,24.63,24.13,0,0,0|0.0,25.97,24.94,0,0,0|unwind:SMMR:SELL:237.0:LMT@25.97
174|54|237.0|237.0|237.0|50000|30000|-6524.85|0.0,24.86,23.07,0,0,0|237.0,25.96,25.97,0,0,0|0.0,24.63,23.97,0,0,0|0.0,25.97,24.94,0,0,0|unwind:SMMR:SELL:237.0:LMT@25.97
175|55|0.0|0.0|0.0|50000|30000|-6548.55|0.0,24.86,23.07,0,0,0|0.0,26.05,26.11,0,0,0|0.0,24.63,23.62,0,0,0|0.0,25.92,24.94,0,0,0|
175|55|0.0|0.0|0.0|50000|30000|-6548.55|0.0,24.86,23.07,0,0,0|0.0,26.07,26.11,0,0,0|0.0,24.63,23.62,0,0,0|0.0,25.92,24.94,0,0,0|
175|55|0.0|0.0|0.0|50000|30000|-6548.55|0.0,24.86,22.84,0,0,0|0.0,26.07,26.11,0,0,0|0.0,24.63,23.75,0,0,0|0.0,25.92,24.94,0,0,0|
176|56|0.0|0.0|0.0|50000|30000|-6553.29|0.0,24.86,22.81,0,0,0|0.0,25.96,26.08,0,0,0|0.0,24.63,23.75,0,0,0|0.0,25.92,24.94,0,0,0|
176|56|0.0|0.0|0.0|50000|30000|-6553.29|0.0,24.86,22.84,0,0,0|0.0,25.96,26.11,0,0,0|0.0,24.63,24.18,0,0,0|0.0,25.92,24.94,0,0,0|
176|56|0.0|0.0|0.0|50000|30000|-6553.29|0.0,24.86,22.81,0,0,0|0.0,25.96,26.08,0,0,0|0.0,24.63,23.94,0,0,0|0.0,25.92,24.94,0,0,0|
176|56|0.0|0.0|0.0|50000|30000|-6553.29|0.0,24.86,22.84,0,0,0|0.0,25.96,26.08,0,0,0|0.0,24.63,23.94,0,0,0|0.0,25.93,24.94,0,0,0|
177|57|0.0|0.0|0.0|50000|30000|-6553.29|0.0,24.86,22.81,0,0,0|0.0,26.02,26.08,0,0,0|0.0,24.63,24.0,0,0,0|0.0,25.92,24.94,0,0,0|
177|57|0.0|0.0|0.0|50000|30000|-6553.29|0.0,24.86,22.84,0,0,0|0.0,26.02,26.08,0,0,0|0.0,24.63,24.0,0,0,0|0.0,25.93,24.94,0,0,0|
177|57|0.0|0.0|0.0|50000|30000|-6553.29|0.0,24.86,22.81,0,0,0|0.0,26.02,26.11,0,0,0|0.0,24.63,24.0,0,0,0|0.0,25.93,24.94,0,0,0|
177|57|0.0|0.0|0.0|50000|30000|-6553.29|0.0,24.86,22.84,0,0,0|0.0,26.02,26.04,0,0,0|0.0,24.63,24.0,0,0,0|0.0,25.93,24.94,0,0,0|
178|58|0.0|0.0|0.0|50000|30000|-6553.29|0.0,24.86,22.84,0,0,0|0.0,26.03,26.11,0,0,0|0.0,24.63,24.18,0,0,0|0.0,25.93,24.94,0,0,0|
178|58|0.0|0.0|0.0|50000|30000|-6553.29|0.0,24.86,22.84,0,0,0|0.0,26.03,26.11,0,0,0|0.0,24.63,24.18,0,0,0|0.0,25.93,24.94,0,0,0|
178|58|0.0|0.0|0.0|50000|30000|-6553.29|0.0,24.86,23.1,0,0,0|0.0,26.17,26.18,0,0,0|0.0,24.63,24.05,0,0,0|0.0,25.93,24.94,0,0,0|
178|58|0.0|0.0|0.0|50000|30000|-6553.29|0.0,24.86,23.1,0,0,0|0.0,26.03,26.16,0,0,0|0.0,24.63,24.05,0,0,0|0.0,25.96,24.94,0,0,0|
179|59|0.0|0.0|0.0|50000|30000|-6553.29|0.0,24.86,23.1,0,0,0|0.0,26.03,26.16,0,0,0|0.0,24.63,24.01,0,0,0|0.0,25.96,24.94,0,0,0|
179|59|0.0|0.0|0.0|50000|30000|-6553.29|0.0,24.86,22.95,0,0,0|0.0,26.03,26.18,0,0,0|0.0,24.63,24.01,0,0,0|0.0,25.96,24.94,0,0,0|
179|59|0.0|0.0|0.0|50000|30000|-6553.29|0.0,24.86,22.76,0,0,0|0.0,26.03,26.14,0,0,0|0.0,24.63,23.87,0,0,0|0.0,25.96,24.94,0,0,0|
179|59|0.0|0.0|0.0|50000|30000|-6553.29|0.0,24.86,22.76,0,0,0|0.0,26.02,26.14,0,0,0|0.0,24.63,23.87,0,0,0|0.0,25.98,24.94,0,0,0|
180|0|0.0|0.0|0.0|50000|30000|-6553.29|0.0,24.86,25.03,24.76,25.13,900|0.0,25.62,25.82,25.35,26.09,1800|0.0,24.63,24.82,24.51,24.94,1350|0.0,25.04,24.94,0,0,0|quote:SPNG:900:24.76/25.13;quote:SMMR:1800:25.35/26.09;quote:ATMN:1350:24.51/24.94
181|1|2250.0|2250.0|2250.0|50000|30000|-6976.29|900.0,24.86,24.47,0,0,0|0.0,25.54,25.56,25.35,25.74,1800|1350.0,24.63,24.44,0,0,0|0.0,25.04,24.94,0,0,0|quote:SMMR:1800:25.35/25.74
181|1|2250.0|2250.0|2250.0|50000|30000|-6976.29|900.0,24.86,24.16,0,0,0|0.0,25.54,25.56,25.4,25.69,1800|1350.0,24.63,24.54,0,0,0|0.0,25.04,24.94,0,0,0|quote:SMMR:1800:25.40/25.69
182|2|2250.0|2250.0|2250.0|50000|30000|-7028.04|900.0,24.86,24.47,0,0,0|0.0,25.54,25.56,25.44,25.65,1800|1350.0,24.63,24.54,0,0,0|0.0,25.04,24.94,0,0,0|quote:SMMR:1800:25.44/25.65
182|2|4050.0|4050.0|4050.0|50000|30000|-7028.04|900.0,24.86,24.47,0,0,0|1800.0,25.22,25.54,24.52,25.51,1540|1350.0,24.63,24.54,0,0,0|0.0,25.0,24.94,0,0,0|quote:SMMR:1540:24.52/25.51
183|3|4050.0|4050.0|4050.0|50000|30000|-7518.54|900.0,24.86,24.47,0,0,0|1800.0,25.48,25.54,25.13,25.490000000000002,5136|1350.0,24.63,24.54,0,0,0|0.0,25.0,24.94,0,0,0|quote:SMMR:5136:25.13/25.49
184|4|4050.0|4050.0|4050.0|50000|30000|-7149.54|900.0,24.86,24.37,0,0,0|1800.0,25.48,25.52,25.13,25.490000000000002,5136|1350.0,24.63,24.39,0,0,0|0.0,24.91,24.93,24.91,24.93,7500|quote:SMMR:5136:25.13/25.49;quote:WNTR:7500:24.91/24.93
184|4|11550.0|11550.0|-3450.0|50000|30000|-7149.54|900.0,24.86,24.22,0,0,0|1800.0,25.22,25.29,24.76,25.34,5136|1350.0,24.63,24.36,0,0,0|-7500.0,24.93,24.94,24.93,26.45,300|quote:SMMR:5136:24.76/25.34;quote:WNTR:300:24.93/26.45
185|5|11250.0|11250.0|-3150.0|50000|30000|-8994.54|900.0,24.86,24.47,0,0,0|1800.0,25.26,25.29,24.83,25.34,5136|1350.0,24.63,24.36,0,0,0|-7200.0,24.91,24.82,0,0,0|quote:SMMR:5136:24.83/25.34
186|6|11250.0|11250.0|-3150.0|50000|30000|-6633.54|900.0,24.86,24.47,0,0,0|1800.0,25.26,25.29,24.9,25.270000000000003,5136|1350.0,24.63,24.46,0,0,0|-7200.0,24.91,24.79,0,0,0|quote:SMMR:5136:24.90/25.27
186|6|12786.0|12786.0|-8286.0|50000|30000|-6633.54|900.0,24.86,24.08,0,0,0|-3336.0,25.39,25.52,25.509999999999998,26.18,4398|1350.0,24.63,24.42,0,0,0|-7200.0,24.91,24.82,0,0,0|quote:SMMR:4398:25.51/26.18
187|7|10512.0|10512.0|-3888.0|50000|30000|-7490.82|900.0,24.86,24.44,0,0,0|1062.0,25.39,25.44,25.19,25.400000000000002,5490|1350.0,24.63,24.42,0,0,0|-7200.0,24.95,24.94,0,0,0|quote:SMMR:5490:25.19/25.40
188|8|10512.0|10512.0|-3888.0|50000|30000|-8112.06|900.0,24.86,24.19,0,0,0|1062.0,25.39,25.41,25.18,25.400000000000002,5490|1350.0,24.68,24.7,24.4,24.69,4014|-7200.0,24.95,24.94,0,0,0|quote:SMMR:5490:25.18/25.40;quote:ATMN:4014:24.40/24.69
188|8|13878.0|13878.0|-9378.0|50000|30000|-8112.06|900.0,24.86,24.19,0,0,0|-4428.0,25.44,25.53,25.52,26.41,387|1350.0,24.63,24.67,24.36,24.64,4014|-7200.0,25.0,24.94,0,0,0|quote:SMMR:387:25.52/26.41;quote:ATMN:4014:24.36/24.64
189|9|13878.0|13878.0|-9378.0|50000|30000|-9659.88|900.0,24.86,24.36,0,0,0|-4428.0,25.52,25.53,25.52,26.42,387|1350.0,24.63,24.64,24.35,24.64,4014|-7200.0,25.03,24.94,0,0,0|quote:SMMR:387:25.52/26.42;quote:ATMN:4014:24.35/24.64
190|10|13491.0|13491.0|-8991.0|50000|30000|-9325.08|900.0,24.86,24.33,0,0,0|-4041.0,25.43,25.44,25.43,26.25,406|1350.0,24.63,24.67,24.36,24.64,4014|-7200.0,25.03,24.94,0,0,0|quote:SMMR:406:25.43/26.25;quote:ATMN:4014:24.36/24.64
190|10|13491.0|13491.0|-8991.0|50000|30000|-9325.08|900.0,24.86,24.33,0,0,0|-4041.0,25.52,25.56,25.549999999999997,26.36,406|1350.0,24.63,24.43,0,0,0|-7200.0,25.15,24.94,0,0,0|quote:SMMR:406:25.55/26.36
191|11|13085.0|13085.0|-8585.0|50000|30000|-9644.85|900.0,24.86,24.33,0,0,0|-3635.0,25.4,25.41,25.4,26.14,425|1350.0,24.63,24.43,0,0,0|-7200.0,25.15,24.94,0,0,0|quote:SMMR:425:25.40/26.14
191|11|13085.0|13085.0|-8585.0|50000|30000|-9644.85|900.0,24.86,24.33,0,0,0|-3635.0,25.4,25.41,25.4,26.14,425|1350.0,24.63,24.4,0,0,0|-7200.0,24.95,24.94,0,0,0|quote:SMMR:425:25.40/26.14
191|11|12660.0|12660.0|-8160.0|50000|30000|-9644.85|900.0,24.86,24.33,0,0,0|-3210.0,25.26,25.34,25.33,25.97,4459|1350.0,24.63,24.67,24.36,24.64,4014|-7200.0,25.02,24.94,0,0,0|quote:SMMR:4459:25.33/25.97;quote:ATMN:4014:24.36/24.64
192|12|12660.0|12660.0|-8160.0|50000|30000|-8212.22|900.0,24.86,24.33,0,0,0|-3210.0,25.5,25.56,25.549999999999997,26.19,4459|1350.0,24.63,24.64,24.35,24.64,4014|-7200.0,24.99,24.94,0,0,0|quote:SMMR:4459:25.55/26.19;quote:ATMN:4014:24.35/24.64
193|13|19172.0|19172.0|4772.0|50000|30000|-7928.75|900.0,24.86,24.19,0,0,0|5708.0,25.29,25.3,24.14,25.3,326|5364.0,24.63,24.61,0,0,0|-7200.0,24.95,24.94,0,0,0|quote:SMMR:326:24.14/25.30
194|14|18846.0|18846.0|4446.0|50000|30000|-10437.05|900.0,24.86,24.22,0,0,0|5382.0,25.36,25.53,24.29,25.37,341|5364.0,24.63,24.61,0,0,0|-7200.0,24.96,24.94,0,0,0|quote:SMMR:341:24.29/25.37
194|14|18846.0|18846.0|4446.0|50000|30000|-10437.05|900.0,24.86,24.22,0,0,0|5382.0,25.45,25.53,24.38,25.46,341|5364.0,24.63,24.67,23.56,24.64,256|-7200.0,25.1,24.94,0,0,0|quote:SMMR:341:24.38/25.46;quote:ATMN:256:23.56/24.64
195|15|18846.0|18846.0|4446.0|50000|30000|-10442.15|900.0,24.86,24.22,0,0,0|5382.0,25.45,25.46,24.37,25.46,341|5364.0,24.63,24.67,23.56,24.64,256|-7200.0,25.1,24.94,0,0,0|quote:SMMR:341:24.37/25.46;quote:ATMN:256:23.56/24.64
195|15|17908.0|17908.0|3508.0|50000|30000|-10442.15|900.0,24.86,24.38,0,0,0|4700.0,25.55,25.56,24.6,25.560000000000002,374|5108.0,24.63,24.77,23.62,24.64,266|-7200.0,25.1,24.94,0,0,0|quote:SMMR:374:24.60/25.56;quote:ATMN:266:23.62/24.64
196|16|17908.0|17908.0|3508.0|50000|30000|-11225.36|900.0,24.86,24.3,0,0,0|4700.0,25.55,25.56,24.6,25.560000000000002,374|5108.0,24.63,24.64,23.6,24.64,266|-7200.0,25.13,24.94,0,0,0|quote:SMMR:374:24.60/25.56;quote:ATMN:266:23.60/24.64
196|16|17908.0|17908.0|3508.0|50000|30000|-11225.36|900.0,24.86,24.28,0,0,0|4700.0,25.55,25.56,24.6,25.560000000000002,374|5108.0,24.63,24.61,0,0,0|-7200.0,25.36,24.94,0,0,0|quote:SMMR:374:24.60/25.56
197|17|17908.0|17908.0|3508.0|50000|30000|-9961.00|900.0,24.86,24.3,0,0,0|4700.0,25.55,25.56,24.6,25.560000000000002,374|5108.0,24.63,24.61,0,0,0|-7200.0,24.98,24.94,0,0,0|quote:SMMR:374:24.60/25.56
197|17|17908.0|17908.0|3508.0|50000|30000|-9961.00|900.0,24.86,24.43,0,0,0|4700.0,25.55,25.58,24.61,25.560000000000002,374|5108.0,24.63,24.37,0,0,0|-7200.0,24.98,24.94,0,0,0|quote:SMMR:374:24.61/25.56
198|18|17908.0|17908.0|3508.0|50000|30000|-8635.36|900.0,24.86,24.43,0,0,0|4700.0,25.45,25.47,24.51,25.46,374|5108.0,24.63,24.34,0,0,0|-7200.0,24.98,24.94,0,0,0|quote:SMMR:374:24.51/25.46
198|18|17908.0|17908.0|3508.0|50000|30000|-8635.36|900.0,24.86,24.35,0,0,0|4700.0,25.45,25.47,24.51,25.46,374|5108.0,24.63,24.34,0,0,0|-7200.0,24.98,24.94,0,0,0|quote:SMMR:374:24.51/25.46
198|18|17534.0|17534.0|3134.0|50000|30000|-8635.36|900.0,24.86,24.35,0,0,0|4326.0,25.45,25.47,24.58,25.46,392|5108.0,24.63,24.34,0,0,0|-7200.0,24.98,24.94,0,0,0|quote:SMMR:392:24.58/25.46
199|19|17142.0|17142.0|2742.0|50000|30000|-9377.38|900.0,24.86,24.35,0,0,0|3934.0,25.45,25.49,24.67,25.46,411|5108.0,24.63,24.34,0,0,0|-7200.0,25.06,24.94,0,0,0|quote:SMMR:411:24.67/25.46
199|19|17142.0|17142.0|2742.0|50000|30000|-9377.38|900.0,24.86,24.16,0,0,0|3934.0,25.45,25.46,24.66,25.46,411|5108.0,24.63,24.77,23.62,24.64,266|-7200.0,25.11,24.94,0,0,0|quote:SMMR:411:24.66/25.46;quote:ATMN:266:23.62/24.64
199|19|17142.0|17142.0|2742.0|50000|30000|-9377.38|900.0,24.86,24.43,0,0,0|3934.0,25.45,25.46,24.66,25.46,411|5108.0,24.63,24.64,23.6,24.64,266|-7200.0,25.18,24.94,0,0,0|quote:SMMR:411:24.66/25.46;quote:ATMN:266:23.60/24.64
200|20|16731.0|16731.0|2331.0|50000|30000|-9278.66|900.0,24.86,24.16,0,0,0|3523.0,25.49,25.56,24.8,25.5,430|5108.0,24.63,24.64,23.6,24.64,266|-7200.0,25.21,24.94,0,0,0|quote:SMMR:430:24.80/25.50;quote:ATMN:266:23.60/24.64
201|21|16731.0|16731.0|2331.0|50000|30000|-11049.81|900.0,24.86,24.14,0,0,0|3523.0,25.49,25.51,24.79,25.5,430|5108.0,24.63,24.45,0,0,0|-7200.0,25.21,24.94,0,0,0|quote:SMMR:430:24.79/25.50
201|21|16731.0|16731.0|2331.0|50000|30000|-11049.81|900.0,24.86,24.3,0,0,0|3523.0,25.49,25.56,24.8,25.5,430|5108.0,24.63,24.42,0,0,0|-7200.0,25.21,24.94,0,0,0|quote:SMMR:430:24.80/25.50
201|21|16301.0|16301.0|1901.0|50000|30000|-9225.17|900.0,24.86,24.3,0,0,0|3093.0,25.51,25.53,24.89,25.520000000000003,4515|5108.0,24.63,24.42,0,0,0|-7200.0,25.11,24.94,0,0,0|quote:SMMR:4515:24.89/25.52
202|22|16301.0|16301.0|1901.0|50000|30000|-9225.17|900.0,24.86,24.18,0,0,0|3093.0,25.49,25.52,24.88,25.5,4515|5108.0,24.63,24.69,23.62,24.64,266|-7200.0,25.11,24.94,0,0,0|quote:SMMR:4515:24.88/25.50;quote:ATMN:266:23.62/24.64
203|23|14301.0|14301.0|-99.0|50000|30000|-7986.91|900.0,24.86,24.18,0,0,0|1093.0,25.45,25.5,25.24,25.46,5475|5108.0,24.63,24.64,23.6,24.64,266|-7200.0,24.95,24.94,0,0,0|quote:SMMR:5475:25.24/25.46;quote:ATMN:266:23.60/24.64
203|23|17590.0|17590.0|-5574.0|50000|30000|-7986.91|900.0,24.86,24.27,0,0,0|-4382.0,25.51,25.64,25.63,26.51,389|5108.0,24.63,24.57,0,0,0|-7200.0,25.12,24.94,0,0,0|quote:SMMR:389:25.63/26.51
204|24|17590.0|17590.0|-5574.0|50000|30000|-8798.73|900.0,24.86,24.3,0,0,0|-4382.0,25.63,25.64,25.63,26.52,389|5108.0,24.63,24.57,0,0,0|-7200.0,25.12,24.94,0,0,0|quote:SMMR:389:25.63/26.52
204|24|17201.0|17201.0|-5185.0|50000|30000|-8798.73|900.0,24.86,24.34,0,0,0|-3993.0,25.63,25.64,25.63,26.44,408|5108.0,24.63,24.54,0,0,0|-7200.0,25.12,24.94,0,0,0|quote:SMMR:408:25.63/26.44
205|25|16793.0|16793.0|-4777.0|50000|30000|-9958.57|900.0,24.86,24.16,0,0,0|-3585.0,25.44,25.63,25.619999999999997,26.34,427|5108.0,24.63,24.51,0,0,0|-7200.0,25.12,24.94,0,0,0|quote:SMMR:427:25.62/26.34
205|25|16366.0|16366.0|-4350.0|50000|30000|-9958.57|900.0,24.86,24.13,0,0,0|-3158.0,25.47,25.6,25.59,26.22,4484|5108.0,24.63,24.51,0,0,0|-7200.0,25.12,24.94,0,0,0|quote:SMMR:4484:25.59/26.22
206|26|14534.0|14534.0|134.0|50000|30000|-10271.68|900.0,24.86,24.04,0,0,0|1326.0,25.36,25.37,25.02,25.44,5363|5108.0,24.63,24.57,0,0,0|-7200.0,25.09,24.94,0,0,0|quote:SMMR:5363:25.02/25.44
206|26|17245.0|17245.0|-5229.0|50000|30000|-10271.68|900.0,24.86,24.04,0,0,0|-4037.0,25.58,25.6,25.59,26.41,406|5108.0,24.63,24.54,0,0,0|-7200.0,25.22,24.94,0,0,0|quote:SMMR:406:25.59/26.41
207|27|16839.0|16839.0|-4823.0|50000|30000|-9575.12|900.0,24.86,24.51,0,0,0|-3631.0,25.51,25.52,25.509999999999998,26.25,425|5108.0,24.63,24.61,0,0,0|-7200.0,25.22,24.94,0,0,0|quote:SMMR:425:25.51/26.25
207|27|16839.0|16839.0|-4823.0|50000|30000|-9575.12|900.0,24.86,24.48,0,0,0|-3631.0,25.39,25.61,25.599999999999998,26.33,425|5108.0,24.63,24.61,0,0,0|-7200.0,25.22,24.94,0,0,0|quote:SMMR:425:25.60/26.33
207|27|16414.0|16414.0|-4398.0|50000|30000|-9575.12|900.0,24.86,24.48,0,0,0|-3206.0,25.41,25.52,25.509999999999998,26.15,4461|5108.0,24.63,24.61,0,0,0|-7200.0,25.22,24.94,0,0,0|quote:SMMR:4461:25.51/26.15
208|28|14463.0|14463.0|63.0|50000|30000|-9633.20|900.0,24.86,24.32,0,0,0|1255.0,25.36,25.52,25.12,25.37,5397|5108.0,24.63,24.75,23.62,24.64,266|-7200.0,25.22,24.94,0,0,0|quote:SMMR:5397:25.12/25.37;quote:ATMN:266:23.62/24.64
209|29|13687.0|13687.0|-2203.0|50000|30000|-9083.49|900.0,24.86,24.51,0,0,0|-745.0,25.29,25.32,25.25,25.52,5642|4842.0,24.7,24.75,23.74,24.71,275|-7200.0,25.22,24.94,0,0,0|quote:SMMR:5642:25.25/25.52;quote:ATMN:275:23.74/24.71
209|29|13687.0|13687.0|-2203.0|50000|30000|-9083.49|900.0,24.86,24.12,0,0,0|-745.0,25.29,25.39,25.38,25.53,5642|4842.0,24.63,24.71,23.67,24.64,275|-7200.0,25.22,24.94,0,0,0|quote:SMMR:5642:25.38/25.53;quote:ATMN:275:23.67/24.64
210|30|13687.0|13687.0|-2203.0|50000|30000|-8740.98|900.0,24.86,24.12,0,0,0|-745.0,25.38,25.53,25.52,25.67,5642|4842.0,24.63,24.64,23.65,24.64,275|-7200.0,25.07,24.94,0,0,0|quote:SMMR:5642:25.52/25.67;quote:ATMN:275:23.65/24.64
210|30|15922.0|15922.0|1522.0|50000|30000|-8740.98|900.0,24.86,24.15,0,0,0|3255.0,25.52,25.61,24.83,25.58,4437|4567.0,24.65,24.75,23.75,24.66,285|-7200.0,25.22,24.94,0,0,0|quote:SMMR:4437:24.83/25.58;quote:ATMN:285:23.75/24.66
211|31|15922.0|15922.0|1522.0|50000|30000|-9438.14|900.0,24.86,24.01,0,0,0|3255.0,25.41,25.58,24.77,25.42,4437|4567.0,24.63,24.71,23.73,24.64,285|-7200.0,25.22,24.94,0,0,0|quote:SMMR:4437:24.77/25.42;quote:ATMN:285:23.73/24.64
212|32|13849.0|13849.0|-2915.0|50000|30000|-9426.33|900.0,24.86,24.13,0,0,0|-1182.0,25.55,25.58,25.569999999999997,25.81,5432|4567.0,24.63,24.64,23.71,24.64,285|-7200.0,25.07,24.94,0,0,0|quote:SMMR:5432:25.57/25.81;quote:ATMN:285:23.71/24.64
212|32|16917.0|16917.0|2517.0|50000|30000|-9426.33|900.0,24.86,24.14,0,0,0|4250.0,25.32,25.4,24.48,25.330000000000002,396|4567.0,24.63,24.64,23.71,24.64,285|-7200.0,25.1,24.94,0,0,0|quote:SMMR:396:24.48/25.33;quote:ATMN:285:23.71/24.64
213|33|16917.0|16917.0|2517.0|50000|30000|-9654.17|900.0,24.86,24.14,0,0,0|4250.0,25.26,25.33,24.36,25.33,396|4567.0,24.63,24.64,23.71,24.64,285|-7200.0,25.28,24.94,0,0,0|quote:SMMR:396:24.36/25.33;quote:ATMN:285:23.71/24.64
213|33|16236.0|16236.0|1836.0|50000|30000|-9654.17|900.0,24.86,24.11,0,0,0|3854.0,25.53,25.58,24.72,25.59,415|4282.0,24.63,24.79,23.78,24.64,295|-7200.0,25.28,24.94,0,0,0|quote:SMMR:415:24.72/25.59;quote:ATMN:295:23.78/24.64
214|34|16236.0|16236.0|1836.0|50000|30000|-9590.33|900.0,24.86,24.11,0,0,0|3854.0,25.53,25.58,24.77,25.540000000000003,415|4282.0,24.63,24.76,23.78,24.64,295|-7200.0,25.09,24.94,0,0,0|quote:SMMR:415:24.77/25.54;quote:ATMN:295:23.78/24.64
215|35|15941.0|15941.0|1541.0|50000|30000|-10015.01|900.0,24.86,24.15,0,0,0|3854.0,25.25,25.34,24.42,25.33,415|3987.0,24.63,24.76,23.84,24.64,306|-7200.0,25.12,24.94,0,0,0|quote:SMMR:415:24.42/25.33;quote:ATMN:306:23.84/24.64
215|35|15526.0|15526.0|1126.0|50000|30000|-10015.01|900.0,24.86,24.17,0,0,0|3439.0,25.41,25.58,24.73,25.42,4349|3987.0,24.63,24.64,23.82,24.64,306|-7200.0,25.12,24.94,0,0,0|quote:SMMR:4349:24.73/25.42;quote:ATMN:306:23.82/24.64
216|36|15526.0|15526.0|1126.0|50000|30000|-9301.28|900.0,24.86,24.17,0,0,0|3439.0,25.41,25.42,24.72,25.42,4349|3987.0,24.63,24.55,0,0,0|-7200.0,25.21,24.94,0,0,0|quote:SMMR:4349:24.72/25.42
216|36|12997.0|12997.0|-3223.0|50000|30000|-9301.28|900.0,24.86,24.17,0,0,0|-910.0,25.41,25.62,25.6,25.79,5563|3987.0,24.63,24.55,0,0,0|-7200.0,25.06,24.94,0,0,0|quote:SMMR:5563:25.60/25.79
217|37|16740.0|16740.0|2340.0|50000|30000|-9550.22|900.0,24.86,24.17,0,0,0|4653.0,25.44,25.52,24.52,25.450000000000003,376|3987.0,24.63,24.55,0,0,0|-7200.0,25.06,24.94,0,0,0|quote:SMMR:376:24.52/25.45
218|38|16364.0|16364.0|1964.0|50000|30000|-9824.49|900.0,24.86,24.17,0,0,0|4277.0,25.46,25.48,24.6,25.470000000000002,394|3987.0,24.63,24.53,0,0,0|-7200.0,25.09,24.94,0,0,0|quote:SMMR:394:24.60/25.47
218|38|16364.0|16364.0|1964.0|50000|30000|-9824.49|900.0,24.86,24.16,0,0,0|4277.0,25.46,25.48,24.6,25.470000000000002,394|3987.0,24.63,24.53,0,0,0|-7200.0,25.06,24.94,0,0,0|quote:SMMR:394:24.60/25.47
218|38|16364.0|16364.0|1964.0|50000|30000|-9824.49|900.0,24.86,24.16,0,0,0|4277.0,25.39,25.47,24.54,25.400000000000002,394|3987.0,24.63,24.82,23.84,24.64,306|-7200.0,25.08,24.94,0,0,0|quote:SMMR:394:24.54/25.40;quote:ATMN:306:23.84/24.64
219|39|16364.0|16364.0|1964.0|50000|30000|-9786.66|900.0,24.86,24.16,0,0,0|4277.0,25.32,25.4,24.47,25.330000000000002,394|3987.0,24.63,24.64,23.82,24.64,306|-7200.0,25.08,24.94,0,0,0|quote:SMMR:394:24.47/25.33;quote:ATMN:306:23.82/24.64
219|39|15970.0|15970.0|1570.0|50000|30000|-9786.66|900.0,24.86,24.17,0,0,0|3883.0,25.34,25.57,24.57,25.35,413|3987.0,24.63,24.62,0,0,0|-7200.0,25.19,24.94,0,0,0|quote:SMMR:413:24.57/25.35
220|40|15970.0|15970.0|1570.0|50000|30000|-10208.00|900.0,24.86,24.17,0,0,0|3883.0,25.34,25.35,24.56,25.35,413|3987.0,24.63,24.62,0,0,0|-7200.0,25.27,24.94,0,0,0|quote:SMMR:413:24.56/25.35
220|40|15970.0|15970.0|1570.0|50000|30000|-10208.00|900.0,24.86,24.17,0,0,0|3883.0,25.34,25.35,24.56,25.35,413|3987.0,24.63,24.56,0,0,0|-7200.0,25.22,24.94,0,0,0|quote:SMMR:413:24.56/25.35
221|41|15970.0|15970.0|1570.0|50000|30000|-10586.00|900.0,24.86,24.17,0,0,0|3883.0,25.34,25.35,24.56,25.35,413|3987.0,24.63,24.62,0,0,0|-7200.0,25.22,24.94,0,0,0|quote:SMMR:413:24.56/25.35
221|41|15970.0|15970.0|1570.0|50000|30000|-10586.00|900.0,24.86,24.17,0,0,0|3883.0,25.35,25.49,24.58,25.360000000000003,413|3987.0,24.63,24.62,0,0,0|-7200.0,25.1,24.94,0,0,0|quote:SMMR:413:24.58/25.36
222|42|15557.0|15557.0|1157.0|50000|30000|-9704.00|900.0,24.86,24.17,0,0,0|3470.0,25.34,25.63,24.66,25.35,4334|3987.0,24.63,24.62,0,0,0|-7200.0,25.0,24.94,0,0,0|quote:SMMR:4334:24.66/25.35
222|42|13557.0|13557.0|-843.0|50000|30000|-9704.00|900.0,24.86,24.17,0,0,0|1470.0,25.34,25.35,25.04,25.35,5294|3987.0,24.63,24.62,0,0,0|-7200.0,25.03,24.94,0,0,0|quote:SMMR:5294:25.04/25.35
223|43|15911.0|15911.0|-6137.0|50000|30000|-10709.61|900.0,24.86,24.2,0,0,0|-3824.0,25.42,25.6,25.59,26.35,416|3987.0,24.63,24.82,23.84,24.64,306|-7200.0,25.03,24.94,0,0,0|quote:SMMR:416:25.59/26.35;quote:ATMN:306:23.84/24.64
223|43|15495.0|15495.0|-5721.0|50000|30000|-10709.61|900.0,24.86,24.02,0,0,0|-3408.0,25.38,25.6,25.59,26.27,4364|3987.0,24.63,24.53,0,0,0|-7200.0,25.03,24.94,0,0,0|quote:SMMR:4364:25.59/26.27
224|44|15495.0|15495.0|-5721.0|50000|30000|-10820.20|900.0,24.86,24.07,0,0,0|-3408.0,25.38,25.6,25.59,26.27,4364|3987.0,24.63,24.53,0,0,0|-7200.0,25.03,24.94,0,0,0|quote:SMMR:4364:25.59/26.27
224|44|13043.0|13043.0|-1357.0|50000|30000|-10820.20|900.0,24.86,24.2,0,0,0|956.0,25.38,25.47,25.2,25.39,5541|3987.0,24.63,24.53,0,0,0|-7200.0,25.03,24.94,0,0,0|quote:SMMR:5541:25.20/25.39
225|45|13043.0|13043.0|-1357.0|50000|30000|-11510.97|900.0,24.86,24.17,0,0,0|956.0,25.38,25.39,25.18,25.39,5541|3987.0,24.63,24.53,0,0,0|-7200.0,25.21,24.94,0,0,0|quote:SMMR:5541:25.18/25.39
225|45|13043.0|13043.0|-1357.0|50000|30000|-11510.97|900.0,24.86,24.27,0,0,0|956.0,25.38,25.39,25.18,25.39,5541|3987.0,24.78,24.82,23.99,24.790000000000003,306|-7200.0,25.21,24.94,0,0,0|quote:SMMR:5541:25.18/25.39;quote:ATMN:306:23.99/24.79
226|46|13043.0|13043.0|-1357.0|50000|30000|-10408.92|900.0,24.86,24.21,0,0,0|956.0,25.38,25.39,25.18,25.39,5541|3987.0,24.63,24.69,23.84,24.64,306|-7200.0,25.21,24.94,0,0,0|quote:SMMR:5541:25.18/25.39;quote:ATMN:306:23.84/24.64
226|46|22213.0|22213.0|-12439.0|50000|30000|-10408.92|900.0,24.86,24.42,0,0,0|-10126.0,25.42,25.64,25.63,27.66,113|3987.0,24.63,24.45,0,0,0|-7200.0,25.22,24.94,0,0,0|quote:SMMR:113:25.63/27.66
227|47|22100.0|22100.0|-12326.0|50000|30000|-13200.38|900.0,24.86,24.39,0,0,0|-10013.0,25.46,25.58,25.569999999999997,27.57,119|3987.0,24.63,24.45,0,0,0|-7200.0,24.96,24.94,0,0,0|quote:SMMR:119:25.57/27.57
227|47|21981.0|21981.0|-12207.0|50000|30000|-13200.38|900.0,24.86,24.39,0,0,0|-9894.0,25.46,25.48,25.47,27.46,125|3987.0,24.63,24.45,0,0,0|-7200.0,24.96,24.94,0,0,0|quote:SMMR:125:25.47/27.46
228|48|21856.0|21856.0|-12082.0|50000|30000|-9503.31|900.0,24.86,24.51,0,0,0|-9769.0,25.51,25.58,25.569999999999997,27.52,131|3987.0,24.63,24.64,23.82,24.64,306|-7200.0,24.96,24.94,0,0,0|quote:SMMR:131:25.57/27.52;quote:ATMN:306:23.82/24.64
228|48|21725.0|21725.0|-11951.0|50000|30000|-9503.31|900.0,24.86,24.11,0,0,0|-9638.0,25.46,25.61,25.599999999999998,27.53,137|3987.0,24.63,24.61,0,0,0|-7200.0,24.96,24.94,0,0,0|quote:SMMR:137:25.60/27.53
229|49|21588.0|21588.0|-11814.0|50000|30000|-11588.52|900.0,24.86,24.48,0,0,0|-9501.0,25.42,25.61,25.599999999999998,27.5,143|3987.0,24.63,24.61,0,0,0|-7200.0,24.96,24.94,0,0,0|quote:SMMR:143:25.60/27.50
229|49|21445.0|21445.0|-11671.0|50000|30000|-11588.52|900.0,24.86,24.51,0,0,0|-9358.0,25.4,25.42,25.41,27.29,150|3987.0,24.63,24.61,0,0,0|-7200.0,25.2,24.94,0,0,0|quote:SMMR:150:25.41/27.29
230|50|21445.0|21445.0|-11671.0|50000|30000|-10222.26|900.0,24.86,24.08,0,0,0|-9358.0,25.48,25.61,0,0,0|3987.0,24.75,24.82,0,0,0|-7200.0,24.96,24.94,0,0,0|unwind:SPNG:SELL:900.0:MKT;unwind:SMMR:BUY:3119.0:LMT@25.61;unwind:ATMN:SELL:1329.0:LMT@24.75;unwind:WNTR:BUY:7200.0:MKT
231|51|10226.0|10226.0|-2252.0|50000|30000|-12315.48|0.0,24.86,24.56,0,0,0|-6239.0,25.51,25.61,0,0,0|3987.0,24.66,24.7,0,0,0|0.0,24.99,24.94,0,0,0|unwind:SMMR:BUY:2079.0:LMT@25.61;unwind:ATMN:SELL:1329.0:LMT@24.66
231|51|6818.0|6818.0|-1502.0|50000|30000|-12315.48|0.0,24.86,24.34,0,0,0|-4160.0,25.4,25.44,0,0,0|2658.0,24.66,24.7,0,0,0|0.0,25.26,24.94,0,0,0|unwind:SMMR:BUY:1386.0:LMT@25.44;unwind:ATMN:SELL:886.0:LMT@24.66
232|52|5432.0|5432.0|-116.0|50000|30000|-11969.95|0.0,24.86,24.31,0,0,0|-2774.0,25.4,25.44,0,0,0|2658.0,24.63,24.66,0,0,0|0.0,25.26,24.94,0,0,0|unwind:SMMR:BUY:924.0:LMT@25.44;unwind:ATMN:SELL:886.0:LMT@24.63
232|52|4546.0|4546.0|-1002.0|50000|30000|-11969.95|0.0,24.86,24.31,0,0,0|-2774.0,25.44,25.61,0,0,0|1772.0,24.63,24.63,0,0,0|0.0,24.99,24.94,0,0,0|unwind:SMMR:BUY:924.0:LMT@25.61;unwind:ATMN:SELL:1772.0:MKT
233|53|1850.0|1850.0|-1850.0|50000|30000|-11669.26|0.0,24.86,24.31,0,0,0|-1850.0,25.39,25.4,0,0,0|0.0,24.64,24.65,0,0,0|0.0,25.12,24.94,0,0,0|unwind:SMMR:BUY:616.0:LMT@25.40
233|53|1234.0|1234.0|-1234.0|50000|30000|-11669.26|0.0,24.86,24.44,0,0,0|-1234.0,25.34,25.4,0,0,0|0.0,24.75,24.82,0,0,0|0.0,25.15,24.94,0,0,0|unwind:SMMR:BUY:411.0:LMT@25.40
234|54|1234.0|1234.0|-1234.0|50000|30000|-11951.49|0.0,24.86,24.31,0,0,0|-1234.0,25.43,25.59,0,0,0|0.0,24.78,24.82,0,0,0|0.0,25.15,24.94,0,0,0|unwind:SMMR:BUY:1234.0:LMT@25.58
234|54|1234.0|1234.0|-1234.0|50000|30000|-11951.49|0.0,24.86,24.08,0,0,0|-1234.0,25.43,25.61,0,0,0|0.0,24.78,24.82,0,0,0|0.0,24.98,24.94,0,0,0|unwind:SMMR:BUY:1234.0:LMT@25.60
235|55|0.0|0.0|0.0|50000|30000|-11939.15|0.0,24.86,24.31,0,0,0|0.0,25.37,25.59,0,0,0|0.0,24.67,24.82,0,0,0|0.0,24.98,24.94,0,0,0|
235|55|0.0|0.0|0.0|50000|30000|-11939.15|0.0,24.86,24.56,0,0,0|0.0,25.37,25.59,0,0,0|0.0,24.67,24.8,0,0,0|0.0,25.01,24.94,0,0,0|
235|55|0.0|0.0|0.0|50000|30000|-11939.15|0.0,24.86,24.53,0,0,0|0.0,25.37,25.56,0,0,0|0.0,24.67,24.8,0,0,0|0.0,25.01,24.94,0,0,0|
235|55|0.0|0.0|0.0|50000|30000|-11939.15|0.0,24.86,24.4,0,0,0|0.0,25.53,25.56,0,0,0|0.0,24.67,24.8,0,0,0|0.0,25.01,24.94,0,0,0|
236|56|0.0|0.0|0.0|50000|30000|-11939.15|0.0,24.86,24.37,0,0,0|0.0,25.53,25.56,0,0,0|0.0,24.67,24.8,0,0,0|0.0,25.01,24.94,0,0,0|
236|56|0.0|0.0|0.0|50000|30000|-11939.15|0.0,24.86,24.56,0,0,0|0.0,25.53,25.59,0,0,0|0.0,24.67,24.8,0,0,0|0.0,25.01,24.94,0,0,0|
236|56|0.0|0.0|0.0|50000|30000|-11939.15|0.0,24.86,24.53,0,0,0|0.0,25.53,25.55,0,0,0|0.0,24.67,24.8,0,0,0|0.0,24.98,24.94,0,0,0|
237|57|0.0|0.0|0.0|50000|30000|-11939.15|0.0,24.86,24.53,0,0,0|0.0,25.53,25.54,0,0,0|0.0,24.67,24.81,0,0,0|0.0,24.99,24.94,0,0,0|
237|57|0.0|0.0|0.0|50000|30000|-11939.15|0.0,24.86,24.53,0,0,0|0.0,25.53,25.54,0,0,0|0.0,24.67,24.7,0,0,0|0.0,25.15,24.94,0,0,0|
237|57|0.0|0.0|0.0|50000|30000|-11939.15|0.0,24.86,24.5,0,0,0|0.0,25.53,25.54,0,0,0|0.0,24.67,24.82,0,0,0|0.0,24.98,24.94,0,0,0|
237|57|0.0|0.0|0.0|50000|30000|-11939.15|0.0,24.86,24.47,0,0,0|0.0,25.53,25.54,0,0,0|0.0,24.67,24.82,0,0,0|0.0,24.98,24.94,0,0,0|
237|57|0.0|0.0|0.0|50000|30000|-11939.15|0.0,24.86,24.21,0,0,0|0.0,25.53,25.54,0,0,0|0.0,24.67,24.82,0,0,0|0.0,24.98,24.94,0,0,0|
238|58|0.0|0.0|0.0|50000|30000|-11939.15|0.0,24.86,24.21,0,0,0|0.0,25.53,25.54,0,0,0|0.0,24.64,24.82,0,0,0|0.0,24.95,24.94,0,0,0|
238|58|0.0|0.0|0.0|50000|30000|-11939.15|0.0,24.86,24.21,0,0,0|0.0,25.53,25.55,0,0,0|0.0,24.64,24.82,0,0,0|0.0,24.95,24.94,0,0,0|
238|58|0.0|0.0|0.0|50000|30000|-11939.15|0.0,24.86,24.21,0,0,0|0.0,25.53,25.55,0,0,0|0.0,24.64,24.82,0,0,0|0.0,24.95,24.94,0,0,0|
239|59|0.0|0.0|0.0|50000|30000|-11939.15|0.0,24.86,24.21,0,0,0|0.0,25.53,25.55,0,0,0|0.0,24.64,24.82,0,0,0|0.0,24.95,24.94,0,0,0|
239|59|0.0|0.0|0.0|50000|30000|-11939.15|0.0,24.86,24.21,0,0,0|0.0,25.53,25.55,0,0,0|0.0,24.63,24.82,0,0,0|0.0,24.95,24.94,0,0,0|
239|59|0.0|0.0|0.0|50000|30000|-11939.15|0.0,24.86,24.21,0,0,0|0.0,25.53,25.55,0,0,0|0.0,24.63,24.53,0,0,0|0.0,25.15,24.94,0,0,0|
239|59|0.0|0.0|0.0|50000|30000|-11939.15|0.0,24.86,24.33,0,0,0|0.0,25.53,25.59,0,0,0|0.0,24.63,24.53,0,0,0|0.0,25.15,24.94,0,0,0|
240|0|0.0|0.0|0.0|50000|30000|-11939.15|0.0,25.76,25.03,0,0,0|0.0,24.81,24.31,0,0,0|0.0,25.25,24.82,0,0,0|0.0,25.29,24.94,0,0,0|
240|0|0.0|0.0|0.0|50000|30000|-11939.15|0.0,25.76,25.03,0,0,0|0.0,24.81,24.31,0,0,0|0.0,25.47,24.82,0,0,0|0.0,25.29,24.94,0,0,0|
240|0|0.0|0.0|0.0|50000|30000|-11939.15|0.0,25.76,25.03,0,0,0|0.0,24.81,24.16,0,0,0|0.0,25.47,24.82,0,0,0|0.0,25.29,24.94,0,0,0|
241|1|0.0|0.0|0.0|50000|30000|-11939.15|0.0,25.76,25.03,0,0,0|0.0,24.81,24.16,0,0,0|0.0,25.93,24.82,0,0,0|0.0,25.29,24.94,0,0,0|
241|1|0.0|0.0|0.0|50000|30000|-11939.15|0.0,25.76,25.03,0,0,0|0.0,24.81,24.16,0,0,0|0.0,25.93,24.82,0,0,0|0.0,25.29,24.94,0,0,0|
241|1|0.0|0.0|0.0|50000|30000|-11939.15|0.0,25.66,25.03,0,0,0|0.0,24.81,23.98,0,0,0|0.0,26.24,24.82,0,0,0|0.0,25.29,24.94,0,0,0|
241|1|0.0|0.0|0.0|50000|30000|-11939.15|0.0,25.66,25.03,0,0,0|0.0,24.81,23.98,0,0,0|0.0,26.24,24.82,0,0,0|0.0,25.29,24.94,0,0,0|
242|2|0.0|0.0|0.0|50000|30000|-11939.15|0.0,25.66,25.03,0,0,0|0.0,24.81,23.98,0,0,0|0.0,25.93,24.82,0,0,0|0.0,25.27,24.94,0,0,0|
242|2|0.0|0.0|0.0|50000|30000|-11939.15|0.0,25.66,25.03,0,0,0|0.0,24.81,23.98,0,0,0|0.0,26.14,24.82,0,0,0|0.0,24.91,24.61,0,0,0|
242|2|0.0|0.0|0.0|50000|30000|-11939.15|0.0,25.66,25.03,0,0,0|0.0,24.81,23.98,0,0,0|0.0,25.83,24.82,0,0,0|0.0,24.91,24.61,0,0,0|
242|2|0.0|0.0|0.0|50000|30000|-11939.15|0.0,25.66,25.03,0,0,0|0.0,24.81,23.93,0,0,0|0.0,25.83,24.82,0,0,0|0.0,24.91,24.61,0,0,0|
243|3|0.0|0.0|0.0|50000|30000|-11939.15|0.0,25.56,25.03,0,0,0|0.0,24.81,23.82,0,0,0|0.0,26.18,24.82,0,0,0|0.0,24.91,24.61,0,0,0|
243|3|0.0|0.0|0.0|50000|30000|-11939.15|0.0,25.56,25.03,0,0,0|0.0,24.81,23.82,0,0,0|0.0,26.18,24.82,0,0,0|0.0,24.91,24.61,0,0,0|
243|3|0.0|0.0|0.0|50000|30000|-11939.15|0.0,25.56,25.03,0,0,0|0.0,24.81,23.73,0,0,0|0.0,26.18,24.82,0,0,0|0.0,24.91,24.61,0,0,0|
244|4|0.0|0.0|0.0|50000|30000|-11939.15|0.0,25.56,25.03,0,0,0|0.0,24.81,23.73,0,0,0|0.0,26.18,24.82,0,0,0|0.0,24.91,24.61,0,0,0|
244|4|0.0|0.0|0.0|50000|30000|-11939.15|0.0,25.56,25.03,0,0,0|0.0,24.81,23.73,0,0,0|0.0,26.18,24.82,0,0,0|0.0,24.91,24.61,0,0,0|
244|4|0.0|0.0|0.0|50000|30000|-11939.15|0.0,25.56,25.03,0,0,0|0.0,24.81,23.64,0,0,0|0.0,26.18,24.82,0,0,0|0.0,24.91,24.94,24.91,24.94,7500|quote:WNTR:7500:24.91/24.94
245|5|7500.0|7500.0|-7500.0|50000|30000|-14976.65|0.0,25.55,25.03,0,0,0|0.0,24.81,23.64,0,0,0|0.0,26.18,24.82,0,0,0|-7500.0,24.98,24.94,0,0,0|
245|5|7500.0|7500.0|-7500.0|50000|30000|-14976.65|0.0,25.68,25.03,0,0,0|0.0,24.81,23.64,0,0,0|0.0,26.18,24.82,0,0,0|-7500.0,24.98,24.94,0,0,0|
245|5|7500.0|7500.0|-7500.0|50000|30000|-14976.65|0.0,25.68,25.03,0,0,0|0.0,24.81,23.64,0,0,0|0.0,26.18,24.82,0,0,0|-7500.0,24.98,24.94,0,0,0|
245|5|7500.0|7500.0|-7500.0|50000|30000|-14976.65|0.0,25.68,25.03,0,0,0|0.0,24.81,23.64,0,0,0|0.0,26.18,24.82,0,0,0|-7500.0,25.31,24.94,0,0,0|
246|6|7500.0|7500.0|-7500.0|50000|30000|-14976.65|0.0,25.68,25.03,0,0,0|0.0,24.81,23.64,0,0,0|0.0,26.18,24.82,0,0,0|-7500.0,25.31,24.94,0,0,0|
246|6|7500.0|7500.0|-7500.0|50000|30000|-14976.65|0.0,25.68,25.03,0,0,0|0.0,24.81,23.64,0,0,0|0.0,26.18,24.82,0,0,0|-7500.0,25.31,24.94,0,0,0|
246|6|7500.0|7500.0|-7500.0|50000|30000|-14976.65|0.0,25.68,25.03,0,0,0|0.0,24.81,23.65,0,0,0|0.0,26.21,24.82,0,0,0|-7500.0,25.21,24.94,0,0,0|
246|6|7500.0|7500.0|-7500.0|50000|30000|-14976.65|0.0,25.45,25.03,0,0,0|0.0,24.81,23.62,0,0,0|0.0,26.21,24.82,0,0,0|-7500.0,25.21,24.94,0,0,0|
247|7|7500.0|7500.0|-7500.0|50000|30000|-14001.65|0.0,25.45,25.03,0,0,0|0.0,24.81,23.62,0,0,0|0.0,26.21,24.82,0,0,0|-7500.0,25.21,24.94,0,0,0|
247|7|7500.0|7500.0|-7500.0|50000|30000|-14001.65|0.0,25.62,25.03,0,0,0|0.0,24.81,23.62,0,0,0|0.0,26.21,24.82,0,0,0|-7500.0,25.21,24.94,0,0,0|
247|7|7500.0|7500.0|-7500.0|50000|30000|-14001.65|0.0,25.62,25.03,0,0,0|0.0,24.81,23.62,0,0,0|0.0,26.21,24.82,0,0,0|-7500.0,25.21,24.94,0,0,0|
247|7|7500.0|7500.0|-7500.0|50000|30000|-14001.65|0.0,25.62,25.03,0,0,0|0.0,24.81,23.57,0,0,0|0.0,26.21,24.82,0,0,0|-7500.0,25.21,24.94,0,0,0|
248|8|7500.0|7500.0|-7500.0|50000|30000|-14076.65|0.0,25.62,25.03,0,0,0|0.0,24.81,23.57,0,0,0|0.0,26.12,24.82,0,0,0|-7500.0,25.11,24.94,0,0,0|
248|8|7500.0|7500.0|-7500.0|50000|30000|-14076.65|0.0,25.62,25.03,0,0,0|0.0,24.81,23.57,0,0,0|0.0,26.12,24.82,0,0,0|-7500.0,25.08,24.94,0,0,0|
248|8|7500.0|7500.0|-7500.0|50000|30000|-14076.65|0.0,25.98,25.03,0,0,0|0.0,24.81,23.57,0,0,0|0.0,26.15,24.82,0,0,0|-7500.0,25.11,24.94,0,0,0|
248|8|7500.0|7500.0|-7500.0|50000|30000|-14076.65|0.0,25.42,25.03,0,0,0|0.0,24.81,23.57,0,0,0|0.0,26.15,24.82,0,0,0|-7500.0,25.11,24.94,0,0,0|
249|9|7500.0|7500.0|-7500.0|50000|30000|-14301.65|0.0,25.42,25.03,0,0,0|0.0,24.81,23.5,0,0,0|0.0,26.15,24.82,0,0,0|-7500.0,25.23,24.94,0,0,0|
249|9|7500.0|7500.0|-7500.0|50000|30000|-14301.65|0.0,25.45,25.03,0,0,0|0.0,24.81,23.5,0,0,0|0.0,26.17,24.82,0,0,0|-7500.0,25.23,24.94,0,0,0|
249|9|7500.0|7500.0|-7500.0|50000|30000|-14301.65|0.0,25.45,25.03,0,0,0|0.0,24.81,23.57,0,0,0|0.0,26.17,24.82,0,0,0|-7500.0,25.23,24.94,0,0,0|
249|9|7500.0|7500.0|-7500.0|50000|30000|-14301.65|0.0,25.45,25.03,0,0,0|0.0,24.81,23.57,0,0,0|0.0,26.17,24.82,0,0,0|-7500.0,25.26,24.94,0,0,0|
250|10|7500.0|7500.0|-7500.0|50000|30000|-14376.65|0.0,25.67,25.03,0,0,0|0.0,24.81,23.54,0,0,0|0.0,26.2,24.82,0,0,0|-7500.0,25.26,24.94,0,0,0|
250|10|7500.0|7500.0|-7500.0|50000|30000|-14376.65|0.0,25.7,25.03,0,0,0|0.0,24.81,23.65,0,0,0|0.0,26.53,24.82,0,0,0|-7500.0,25.26,24.94,0,0,0|
250|10|7500.0|7500.0|-7500.0|50000|30000|-14376.65|0.0,25.7,25.03,0,0,0|0.0,24.81,23.46,0,0,0|0.0,26.56,24.82,0,0,0|-7500.0,25.26,24.94,0,0,0|
250|10|7500.0|7500.0|-7500.0|50000|30000|-14376.65|0.0,25.7,25.03,0,0,0|0.0,24.81,23.46,0,0,0|0.0,26.56,24.82,0,0,0|-7500.0,25.26,24.94,0,0,0|
251|11|7500.0|7500.0|-7500.0|50000|30000|-14301.65|0.0,25.7,25.03,0,0,0|0.0,24.81,23.46,0,0,0|0.0,26.17,24.82,0,0,0|-7500.0,25.26,24.94,0,0,0|
251|11|7500.0|7500.0|-7500.0|50000|30000|-14301.65|0.0,25.7,25.03,0,0,0|0.0,24.81,23.48,0,0,0|0.0,26.17,24.82,0,0,0|-7500.0,25.26,24.94,0,0,0|
251|11|7500.0|7500.0|-7500.0|50000|30000|-14301.65|0.0,25.7,25.03,0,0,0|0.0,24.81,23.48,0,0,0|0.0,26.2,24.82,0,0,0|-7500.0,25.26,24.94,0,0,0|
252|12|7500.0|7500.0|-7500.0|50000|30000|-14151.65|0.0,25.7,25.03,0,0,0|0.0,24.81,23.62,0,0,0|0.0,26.17,24.82,0,0,0|-7500.0,25.23,24.94,0,0,0|
252|12|7500.0|7500.0|-7500.0|50000|30000|-14151.65|0.0,25.7,25.03,0,0,0|0.0,24.81,23.62,0,0,0|0.0,26.19,24.82,0,0,0|-7500.0,25.23,24.94,0,0,0|
252|12|7500.0|7500.0|-7500.0|50000|30000|-14151.65|0.0,25.7,25.03,0,0,0|0.0,24.81,23.5,0,0,0|0.0,26.19,24.82,0,0,0|-7500.0,25.23,24.94,0,0,0|
252|12|7500.0|7500.0|-7500.0|50000|30000|-14151.65|0.0,25.82,25.03,0,0,0|0.0,24.81,23.5,0,0,0|0.0,26.19,24.82,0,0,0|-7500.0,25.26,24.94,0,0,0|
253|13|7500.0|7500.0|-7500.0|50000|30000|-14976.65|0.0,25.82,25.03,0,0,0|0.0,24.81,23.5,0,0,0|0.0,26.21,24.82,0,0,0|-7500.0,25.19,24.94,0,0,0|
253|13|7500.0|7500.0|-7500.0|50000|30000|-14976.65|0.0,25.82,25.03,0,0,0|0.0,24.81,23.5,0,0,0|0.0,26.26,24.82,0,0,0|-7500.0,25.19,24.94,0,0,0|
253|13|7500.0|7500.0|-7500.0|50000|30000|-14976.65|0.0,25.8,25.03,0,0,0|0.0,24.81,23.49,0,0,0|0.0,26.21,24.82,0,0,0|-7500.0,25.16,24.94,0,0,0|
253|13|7500.0|7500.0|-7500.0|50000|30000|-14976.65|0.0,25.8,25.03,0,0,0|0.0,24.81,23.49,0,0,0|0.0,26.21,24.82,0,0,0|-7500.0,25.16,24.94,0,0,0|
254|14|7500.0|7500.0|-7500.0|50000|30000|-14676.65|0.0,25.8,25.03,0,0,0|0.0,24.81,23.47,0,0,0|0.0,26.21,24.82,0,0,0|-7500.0,25.32,24.94,0,0,0|
254|14|7500.0|7500.0|-7500.0|50000|30000|-14676.65|0.0,25.8,25.03,0,0,0|0.0,24.81,23.47,0,0,0|0.0,26.25,24.82,0,0,0|-7500.0,25.32,24.94,0,0,0|
254|14|7500.0|7500.0|-7500.0|50000|30000|-14676.65|0.0,25.42,25.03,0,0,0|0.0,24.81,23.47,0,0,0|0.0,26.25,24.82,0,0,0|-7500.0,25.32,24.94,0,0,0|
254|14|7500.0|7500.0|-7500.0|50000|30000|-14676.65|0.0,25.74,25.03,0,0,0|0.0,24.81,23.63,0,0,0|0.0,26.25,24.82,0,0,0|-7500.0,25.16,24.94,0,0,0|
255|15|7500.0|7500.0|-7500.0|50000|30000|-14001.65|0.0,25.77,25.03,0,0,0|0.0,24.81,23.63,0,0,0|0.0,26.14,24.82,0,0,0|-7500.0,25.16,24.94,0,0,0|
255|15|7500.0|7500.0|-7500.0|50000|30000|-14001.65|0.0,25.77,25.03,0,0,0|0.0,24.81,23.63,0,0,0|0.0,26.14,24.82,0,0,0|-7500.0,25.19,24.94,0,0,0|
255|15|7500.0|7500.0|-7500.0|50000|30000|-14001.65|0.0,25.77,25.03,0,0,0|0.0,24.81,23.6,0,0,0|0.0,26.14,24.82,0,0,0|-7500.0,25.26,24.94,0,0,0|
255|15|7500.0|7500.0|-7500.0|50000|30000|-14001.65|0.0,25.42,25.03,0,0,0|0.0,24.81,23.6,0,0,0|0.0,26.14,24.82,0,0,0|-7500.0,25.16,24.94,0,0,0|
256|16|7500.0|7500.0|-7500.0|50000|30000|-14676.65|0.0,25.45,25.03,0,0,0|0.0,24.81,23.68,0,0,0|0.0,26.14,24.82,0,0,0|-7500.0,25.29,24.94,0,0,0|
256|16|7500.0|7500.0|-7500.0|50000|30000|-14676.65|0.0,25.45,25.03,0,0,0|0.0,24.81,23.68,0,0,0|0.0,26.14,24.82,0,0,0|-7500.0,25.29,24.94,0,0,0|
256|16|7500.0|7500.0|-7500.0|50000|30000|-14676.65|0.0,26.07,25.03,0,0,0|0.0,24.81,23.59,0,0,0|0.0,26.14,24.82,0,0,0|-7500.0,25.29,24.94,0,0,0|
256|16|7500.0|7500.0|-7500.0|50000|30000|-14676.65|0.0,26.07,25.03,0,0,0|0.0,24.81,23.59,0,0,0|0.0,26.17,24.82,0,0,0|-7500.0,25.29,24.94,0,0,0|
257|17|7500.0|7500.0|-7500.0|50000|30000|-14676.65|0.0,26.1,25.03,0,0,0|0.0,24.81,23.59,0,0,0|0.0,26.17,24.82,0,0,0|-7500.0,25.29,24.94,0,0,0|
257|17|7500.0|7500.0|-7500.0|50000|30000|-14676.65|0.0,26.1,25.03,0,0,0|0.0,24.81,23.59,0,0,0|0.0,26.14,24.82,0,0,0|-7500.0,25.24,24.94,0,0,0|
257|17|7500.0|7500.0|-7500.0|50000|30000|-14676.65|0.0,25.45,25.03,0,0,0|0.0,24.81,23.63,0,0,0|0.0,26.14,24.82,0,0,0|-7500.0,25.24,24.94,0,0,0|
257|17|7500.0|7500.0|-7500.0|50000|30000|-14676.65|0.0,25.45,25.03,0,0,0|0.0,24.81,23.63,0,0,0|0.0,26.14,24.82,0,0,0|-7500.0,25.24,24.94,0,0,0|
258|18|7500.0|7500.0|-7500.0|50000|30000|-15501.65|0.0,25.88,25.03,0,0,0|0.0,24.81,23.68,0,0,0|0.0,26.51,24.82,0,0,0|-7500.0,25.24,24.94,0,0,0|
258|18|7500.0|7500.0|-7500.0|50000|30000|-15501.65|0.0,25.88,25.03,0,0,0|0.0,24.81,23.65,0,0,0|0.0,26.13,24.82,0,0,0|-7500.0,25.24,24.94,0,0,0|
258|18|7500.0|7500.0|-7500.0|50000|30000|-15501.65|0.0,25.91,25.03,0,0,0|0.0,24.81,23.65,0,0,0|0.0,26.63,24.82,0,0,0|-7500.0,25.08,24.94,0,0,0|
258|18|7500.0|7500.0|-7500.0|50000|30000|-15501.65|0.0,25.88,25.03,0,0,0|0.0,24.81,23.46,0,0,0|0.0,26.63,24.82,0,0,0|-7500.0,25.08,24.94,0,0,0|
259|19|7500.0|7500.0|-7500.0|50000|30000|-14076.65|0.0,25.42,25.03,0,0,0|0.0,24.81,23.46,0,0,0|0.0,26.23,24.82,0,0,0|-7500.0,25.11,24.94,0,0,0|
259|19|7500.0|7500.0|-7500.0|50000|30000|-14076.65|0.0,25.6,25.03,0,0,0|0.0,24.81,23.46,0,0,0|0.0,26.23,24.82,0,0,0|-7500.0,25.27,24.94,0,0,0|
259|19|7500.0|7500.0|-7500.0|50000|30000|-14076.65|0.0,25.85,25.03,0,0,0|0.0,24.81,23.46,0,0,0|0.0,26.23,24.82,0,0,0|-7500.0,25.3,24.94,0,0,0|
259|19|7500.0|7500.0|-7500.0|50000|30000|-14076.65|0.0,25.85,25.03,0,0,0|0.0,24.81,23.46,0,0,0|0.0,26.23,24.82,0,0,0|-7500.0,25.27,24.94,0,0,0|
260|20|7500.0|7500.0|-7500.0|50000|30000|-14301.65|0.0,25.85,25.03,0,0,0|0.0,24.81,23.46,0,0,0|0.0,26.45,24.82,0,0,0|-7500.0,25.27,24.94,0,0,0|
260|20|7500.0|7500.0|-7500.0|50000|30000|-14301.65|0.0,25.85,25.03,0,0,0|0.0,24.81,23.46,0,0,0|0.0,26.12,24.82,0,0,0|-7500.0,25.27,24.94,0,0,0|
260|20|7500.0|7500.0|-7500.0|50000|30000|-14301.65|0.0,25.85,25.03,0,0,0|0.0,24.81,23.46,0,0,0|0.0,26.15,24.82,0,0,0|-7500.0,25.08,24.94,0,0,0|
260|20|7500.0|7500.0|-7500.0|50000|30000|-14301.65|0.0,25.85,25.03,0,0,0|0.0,24.81,23.46,0,0,0|0.0,26.08,24.82,0,0,0|-7500.0,25.17,24.94,0,0,0|
261|21|7500.0|7500.0|-7500.0|50000|30000|-14076.65|0.0,25.85,25.03,0,0,0|0.0,24.81,23.46,0,0,0|0.0,26.08,24.82,0,0,0|-7500.0,25.08,24.94,0,0,0|
261|21|7500.0|7500.0|-7500.0|50000|30000|-14076.65|0.0,25.9,25.03,0,0,0|0.0,24.81,23.46,0,0,0|0.0,26.11,24.82,0,0,0|-7500.0,25.08,24.94,0,0,0|
261|21|7500.0|7500.0|-7500.0|50000|30000|-14076.65|0.0,25.62,25.03,0,0,0|0.0,24.81,23.46,0,0,0|0.0,26.03,24.82,0,0,0|-7500.0,25.11,24.94,0,0,0|
261|21|7500.0|7500.0|-7500.0|50000|30000|-14076.65|0.0,25.98,25.03,0,0,0|0.0,24.81,23.72,0,0,0|0.0,26.16,24.82,0,0,0|-7500.0,25.11,24.94,0,0,0|
262|22|7500.0|7500.0|-7500.0|50000|30000|-14301.65|0.0,25.6,25.03,0,0,0|0.0,24.81,23.72,0,0,0|0.0,26.16,24.82,0,0,0|-7500.0,25.12,24.94,0,0,0|
262|22|7500.0|7500.0|-7500.0|50000|30000|-14301.65|0.0,25.63,25.03,0,0,0|0.0,24.81,23.69,0,0,0|0.0,26.19,24.82,0,0,0|-7500.0,25.08,24.94,0,0,0|
262|22|7500.0|7500.0|-7500.0|50000|30000|-14301.65|0.0,26.19,25.03,0,0,0|0.0,24.81,23.69,0,0,0|0.0,26.19,24.82,0,0,0|-7500.0,25.11,24.94,0,0,0|
262|22|7500.0|7500.0|-7500.0|50000|30000|-14301.65|0.0,26.19,25.03,0,0,0|0.0,24.81,23.68,0,0,0|0.0,26.19,24.82,0,0,0|-7500.0,25.11,24.94,0,0,0|
263|23|7500.0|7500.0|-7500.0|50000|30000|-13326.65|0.0,26.19,25.03,0,0,0|0.0,24.81,23.68,0,0,0|0.0,26.19,24.82,0,0,0|-7500.0,25.11,24.94,0,0,0|
263|23|7500.0|7500.0|-7500.0|50000|30000|-13326.65|0.0,26.19,25.03,0,0,0|0.0,24.81,23.68,0,0,0|0.0,26.16,24.82,0,0,0|-7500.0,25.41,24.94,0,0,0|
263|23|7500.0|7500.0|-7500.0|50000|30000|-13326.65|0.0,25.97,25.03,0,0,0|0.0,24.81,23.68,0,0,0|0.0,26.19,24.82,0,0,0|-7500.0,25.08,24.94,0,0,0|
263|23|7500.0|7500.0|-7500.0|50000|30000|-13326.65|0.0,25.63,25.03,0,0,0|0.0,24.81,23.73,0,0,0|0.0,26.19,24.82,0,0,0|-7500.0,25.38,24.94,0,0,0|
264|24|7500.0|7500.0|-7500.0|50000|30000|-15501.65|0.0,25.73,25.03,0,0,0|0.0,24.81,23.73,0,0,0|0.0,26.19,24.82,0,0,0|-7500.0,25.38,24.94,0,0,0|
264|24|7500.0|7500.0|-7500.0|50000|30000|-15501.65|0.0,25.73,25.03,0,0,0|0.0,24.81,23.73,0,0,0|0.0,26.16,24.82,0,0,0|-7500.0,25.38,24.94,0,0,0|
264|24|7500.0|7500.0|-7500.0|50000|30000|-15501.65|0.0,25.73,25.03,0,0,0|0.0,24.81,23.73,0,0,0|0.0,26.16,24.82,0,0,0|-7500.0,25.26,24.94,0,0,0|
264|24|7500.0|7500.0|-7500.0|50000|30000|-15501.65|0.0,25.92,25.03,0,0,0|0.0,24.81,23.73,0,0,0|0.0,26.16,24.82,0,0,0|-7500.0,25.26,24.94,0,0,0|
265|25|7500.0|7500.0|-7500.0|50000|30000|-14226.65|0.0,25.92,25.03,0,0,0|0.0,24.81,23.73,0,0,0|0.0,26.19,24.82,0,0,0|-7500.0,25.26,24.94,0,0,0|
265|25|7500.0|7500.0|-7500.0|50000|30000|-14226.65|0.0,25.76,25.03,0,0,0|0.0,24.81,23.73,0,0,0|0.0,26.28,24.82,0,0,0|-7500.0,25.26,24.94,0,0,0|
265|25|7500.0|7500.0|-7500.0|50000|30000|-14226.65|0.0,25.76,25.03,0,0,0|0.0,24.81,23.73,0,0,0|0.0,26.28,24.82,0,0,0|-7500.0,25.26,24.94,0,0,0|
265|25|7500.0|7500.0|-7500.0|50000|30000|-14226.65|0.0,25.76,25.03,0,0,0|0.0,24.81,23.73,0,0,0|0.0,26.28,24.82,0,0,0|-7500.0,25.24,24.94,0,0,0|
266|26|7500.0|7500.0|-7500.0|50000|30000|-14226.65|0.0,25.76,25.03,0,0,0|0.0,24.81,23.73,0,0,0|0.0,26.28,24.82,0,0,0|-7500.0,25.24,24.94,0,0,0|
266|26|7500.0|7500.0|-7500.0|50000|30000|-14226.65|0.0,25.76,25.03,0,0,0|0.0,24.81,23.73,0,0,0|0.0,26.29,24.82,0,0,0|-7500.0,25.24,24.94,0,0,0|
266|26|7500.0|7500.0|-7500.0|50000|30000|-14226.65|0.0,25.77,25.03,0,0,0|0.0,24.81,23.74,0,0,0|0.0,26.29,24.82,0,0,0|-7500.0,25.23,24.94,0,0,0|
266|26|7500.0|7500.0|-7500.0|50000|30000|-14226.65|0.0,25.8,25.03,0,0,0|0.0,24.81,23.69,0,0,0|0.0,26.29,24.82,0,0,0|-7500.0,25.23,24.94,0,0,0|
267|27|7500.0|7500.0|-7500.0|50000|30000|-14076.65|0.0,25.8,25.03,0,0,0|0.0,24.81,23.69,0,0,0|0.0,26.03,24.82,0,0,0|-7500.0,25.23,24.94,0,0,0|
267|27|7500.0|7500.0|-7500.0|50000|30000|-14076.65|0.0,25.8,25.03,0,0,0|0.0,24.81,23.69,0,0,0|0.0,25.98,24.82,0,0,0|-7500.0,25.23,24.94,0,0,0|
267|27|7500.0|7500.0|-7500.0|50000|30000|-14076.65|0.0,25.8,25.03,0,0,0|0.0,24.81,23.69,0,0,0|0.0,25.98,24.82,0,0,0|-7500.0,25.31,24.94,0,0,0|
267|27|7500.0|7500.0|-7500.0|50000|30000|-14076.65|0.0,25.8,25.03,0,0,0|0.0,24.81,23.69,0,0,0|0.0,26.27,24.82,0,0,0|-7500.0,25.31,24.94,0,0,0|
268|28|7500.0|7500.0|-7500.0|50000|30000|-14826.65|0.0,25.71,25.03,0,0,0|0.0,24.81,23.72,0,0,0|0.0,26.27,24.82,0,0,0|-7500.0,25.31,24.94,0,0,0|
268|28|7500.0|7500.0|-7500.0|50000|30000|-14826.65|0.0,25.71,25.03,0,0,0|0.0,24.81,23.69,0,0,0|0.0,26.3,24.82,0,0,0|-7500.0,25.23,24.94,0,0,0|
268|28|7500.0|7500.0|-7500.0|50000|30000|-14826.65|0.0,25.71,25.03,0,0,0|0.0,24.81,23.69,0,0,0|0.0,26.49,24.82,0,0,0|-7500.0,25.23,24.94,0,0,0|
268|28|7500.0|7500.0|-7500.0|50000|30000|-14376.65|0.0,25.71,25.03,0,0,0|0.0,24.81,23.67,0,0,0|0.0,26.49,24.82,0,0,0|-7500.0,25.23,24.94,0,0,0|
269|29|7500.0|7500.0|-7500.0|50000|30000|-14376.65|0.0,25.6,25.03,0,0,0|0.0,24.81,23.67,0,0,0|0.0,26.3,24.82,0,0,0|-7500.0,25.23,24.94,0,0,0|
269|29|7500.0|7500.0|-7500.0|50000|30000|-14376.65|0.0,25.63,25.03,0,0,0|0.0,24.81,23.67,0,0,0|0.0,26.27,24.82,0,0,0|-7500.0,25.23,24.94,0,0,0|
269|29|7500.0|7500.0|-7500.0|50000|30000|-14376.65|0.0,25.63,25.03,0,0,0|0.0,24.81,23.7,0,0,0|0.0,26.27,24.82,0,0,0|-7500.0,25.23,24.94,0,0,0|
269|29|7500.0|7500.0|-7500.0|50000|30000|-14376.65|0.0,25.81,25.03,0,0,0|0.0,24.81,23.67,0,0,0|0.0,26.27,24.82,0,0,0|-7500.0,25.23,24.94,0,0,0|
270|30|7500.0|7500.0|-7500.0|50000|30000|-14451.65|0.0,25.84,25.03,0,0,0|0.0,24.81,23.67,0,0,0|0.0,26.01,24.82,0,0,0|-7500.0,25.23,24.94,0,0,0|
270|30|7500.0|7500.0|-7500.0|50000|30000|-14451.65|0.0,25.87,25.03,0,0,0|0.0,24.81,23.64,0,0,0|0.0,26.01,24.82,0,0,0|-7500.0,25.23,24.94,0,0,0|
270|30|7500.0|7500.0|-7500.0|50000|30000|-14451.65|0.0,25.87,25.03,0,0,0|0.0,24.81,23.64,0,0,0|0.0,26.01,24.82,0,0,0|-7500.0,25.23,24.94,0,0,0|
271|31|7500.0|7500.0|-7500.0|50000|30000|-14451.65|0.0,25.81,25.03,0,0,0|0.0,24.81,23.64,0,0,0|0.0,26.01,24.82,0,0,0|-7500.0,25.23,24.94,0,0,0|
271|31|7500.0|7500.0|-7500.0|50000|30000|-14451.65|0.0,25.86,25.03,0,0,0|0.0,24.81,23.64,0,0,0|0.0,26.19,24.82,0,0,0|-7500.0,25.23,24.94,0,0,0|
271|31|7500.0|7500.0|-7500.0|50000|30000|-14451.65|0.0,25.89,25.03,0,0,0|0.0,24.81,23.63,0,0,0|0.0,26.19,24.82,0,0,0|-7500.0,25.23,24.94,0,0,0|
271|31|7500.0|7500.0|-7500.0|50000|30000|-14451.65|0.0,25.81,25.03,0,0,0|0.0,24.81,23.63,0,0,0|0.0,26.19,24.82,0,0,0|-7500.0,25.23,24.94,0,0,0|
272|32|7500.0|7500.0|-7500.0|50000|30000|-14451.65|0.0,25.69,25.03,0,0,0|0.0,24.81,23.66,0,0,0|0.0,26.19,24.82,0,0,0|-7500.0,25.23,24.94,0,0,0|
272|32|7500.0|7500.0|-7500.0|50000|30000|-14451.65|0.0,25.69,25.03,0,0,0|0.0,24.81,23.66,0,0,0|0.0,26.19,24.82,0,0,0|-7500.0,25.23,24.94,0,0,0|
272|32|7500.0|7500.0|-7500.0|50000|30000|-14451.65|0.0,25.85,25.03,0,0,0|0.0,24.81,23.75,0,0,0|0.0,26.19,24.82,0,0,0|-7500.0,25.22,24.94,0,0,0|
272|32|7500.0|7500.0|-7500.0|50000|30000|-14451.65|0.0,25.85,25.03,0,0,0|0.0,24.81,23.75,0,0,0|0.0,26.19,24.82,0,0,0|-7500.0,25.23,24.94,0,0,0|
273|33|7500.0|7500.0|-7500.0|50000|30000|-14826.65|0.0,25.88,25.03,0,0,0|0.0,24.81,23.63,0,0,0|0.0,26.19,24.82,0,0,0|-7500.0,25.23,24.94,0,0,0|
273|33|7500.0|7500.0|-7500.0|50000|30000|-14826.65|0.0,25.88,25.03,0,0,0|0.0,24.81,23.63,0,0,0|0.0,26.18,24.82,0,0,0|-7500.0,25.23,24.94,0,0,0|
273|33|7500.0|7500.0|-7500.0|50000|30000|-14826.65|0.0,25.88,25.03,0,0,0|0.0,24.81,23.63,0,0,0|0.0,26.42,24.82,0,0,0|-7500.0,25.23,24.94,0,0,0|
273|33|7500.0|7500.0|-7500.0|50000|30000|-14826.65|0.0,25.69,25.03,0,0,0|0.0,24.81,23.63,0,0,0|0.0,26.42,24.82,0,0,0|-7500.0,25.22,24.94,0,0,0|
274|34|7500.0|7500.0|-7500.0|50000|30000|-15126.65|0.0,25.72,25.03,0,0,0|0.0,24.81,23.63,0,0,0|0.0,26.42,24.82,0,0,0|-7500.0,25.23,24.94,0,0,0|
274|34|7500.0|7500.0|-7500.0|50000|30000|-15126.65|0.0,25.72,25.03,0,0,0|0.0,24.81,23.77,0,0,0|0.0,26.42,24.82,0,0,0|-7500.0,25.23,24.94,0,0,0|
274|34|7500.0|7500.0|-7500.0|50000|30000|-15126.65|0.0,25.74,25.03,0,0,0|0.0,24.81,23.65,0,0,0|0.0,26.42,24.82,0,0,0|-7500.0,25.23,24.94,0,0,0|
274|34|7500.0|7500.0|-7500.0|50000|30000|-15126.65|0.0,25.74,25.03,0,0,0|0.0,24.81,23.65,0,0,0|0.0,26.42,24.82,0,0,0|-7500.0,25.26,24.94,0,0,0|
275|35|7500.0|7500.0|-7500.0|50000|30000|-15501.65|0.0,25.6,25.03,0,0,0|0.0,24.81,23.62,0,0,0|0.0,26.42,24.82,0,0,0|-7500.0,25.26,24.94,0,0,0|
275|35|7500.0|7500.0|-7500.0|50000|30000|-15501.65|0.0,25.67,25.03,0,0,0|0.0,24.81,23.65,0,0,0|0.0,26.08,24.82,0,0,0|-7500.0,25.26,24.94,0,0,0|
275|35|7500.0|7500.0|-7500.0|50000|30000|-15501.65|0.0,25.54,25.03,0,0,0|0.0,24.81,23.79,0,0,0|0.0,26.08,24.82,0,0,0|-7500.0,25.41,24.94,0,0,0|
276|36|7500.0|7500.0|-7500.0|50000|30000|-15576.65|0.0,25.6,25.03,0,0,0|0.0,24.81,23.7,0,0,0|0.0,26.08,24.82,0,0,0|-7500.0,25.41,24.94,0,0,0|
276|36|7500.0|7500.0|-7500.0|50000|30000|-15576.65|0.0,25.54,25.03,0,0,0|0.0,24.81,23.7,0,0,0|0.0,26.08,24.82,0,0,0|-7500.0,25.41,24.94,0,0,0|
276|36|7500.0|7500.0|-7500.0|50000|30000|-15576.65|0.0,25.6,25.03,0,0,0|0.0,24.81,23.7,0,0,0|0.0,26.08,24.82,0,0,0|-7500.0,25.41,24.94,0,0,0|
276|36|7500.0|7500.0|-7500.0|50000|30000|-15576.65|0.0,25.54,25.03,0,0,0|0.0,24.81,23.59,0,0,0|0.0,26.26,24.82,0,0,0|-7500.0,25.41,24.94,0,0,0|
277|37|7500.0|7500.0|-7500.0|50000|30000|-14976.65|0.0,25.6,25.03,0,0,0|0.0,24.81,23.79,0,0,0|0.0,26.24,24.82,0,0,0|-7500.0,25.23,24.94,0,0,0|
277|37|7500.0|7500.0|-7500.0|50000|30000|-14976.65|0.0,25.6,25.03,0,0,0|0.0,24.81,23.79,0,0,0|0.0,26.27,24.82,0,0,0|-7500.0,25.26,24.94,0,0,0|
277|37|7500.0|7500.0|-7500.0|50000|30000|-14976.65|0.0,25.54,25.03,0,0,0|0.0,24.81,23.79,0,0,0|0.0,26.37,24.82,0,0,0|-7500.0,25.31,24.94,0,0,0|
277|37|7500.0|7500.0|-7500.0|50000|30000|-14976.65|0.0,25.68,25.03,0,0,0|0.0,24.81,23.79,0,0,0|0.0,26.37,24.82,0,0,0|-7500.0,25.35,24.94,0,0,0|
278|38|7500.0|7500.0|-7500.0|50000|30000|-14976.65|0.0,25.69,25.03,0,0,0|0.0,24.81,23.82,0,0,0|0.0,26.37,24.82,0,0,0|-7500.0,25.48,24.94,0,0,0|
278|38|7500.0|7500.0|-7500.0|50000|30000|-14976.65|0.0,25.68,25.03,0,0,0|0.0,24.81,23.82,0,0,0|0.0,26.37,24.82,0,0,0|-7500.0,25.48,24.94,0,0,0|
278|38|7500.0|7500.0|-7500.0|50000|30000|-14976.65|0.0,25.69,25.03,0,0,0|0.0,24.81,23.8,0,0,0|0.0,26.37,24.82,0,0,0|-7500.0,25.35,24.94,0,0,0|
278|38|7500.0|7500.0|-7500.0|50000|30000|-14976.65|0.0,25.54,25.03,0,0,0|0.0,24.81,23.8,0,0,0|0.0,26.37,24.82,0,0,0|-7500.0,25.38,24.94,0,0,0|
279|39|7500.0|7500.0|-7500.0|50000|30000|-15576.65|0.0,25.55,25.03,0,0,0|0.0,24.81,23.8,0,0,0|0.0,26.37,24.82,0,0,0|-7500.0,25.31,24.94,0,0,0|
279|39|7500.0|7500.0|-7500.0|50000|30000|-15576.65|0.0,25.55,25.03,0,0,0|0.0,24.81,23.71,0,0,0|0.0,26.37,24.82,0,0,0|-7500.0,25.34,24.94,0,0,0|
279|39|7500.0|7500.0|-7500.0|50000|30000|-15576.65|0.0,25.55,25.03,0,0,0|0.0,24.81,23.71,0,0,0|0.0,26.37,24.82,0,0,0|-7500.0,25.34,24.94,0,0,0|
279|39|7500.0|7500.0|-7500.0|50000|30000|-15351.65|0.0,25.92,25.03,0,0,0|0.0,24.81,23.71,0,0,0|0.0,26.37,24.82,0,0,0|-7500.0,25.34,24.94,0,0,0|
280|40|7500.0|7500.0|-7500.0|50000|30000|-15351.65|0.0,25.92,25.03,0,0,0|0.0,24.81,23.71,0,0,0|0.0,26.37,24.82,0,0,0|-7500.0,25.34,24.94,0,0,0|
280|40|7500.0|7500.0|-7500.0|50000|30000|-15351.65|0.0,25.92,25.03,0,0,0|0.0,24.81,23.76,0,0,0|0.0,26.3,24.82,0,0,0|-7500.0,25.34,24.94,0,0,0|
280|40|7500.0|7500.0|-7500.0|50000|30000|-15351.65|0.0,25.92,25.03,0,0,0|0.0,24.81,23.76,0,0,0|0.0,26.35,24.82,0,0,0|-7500.0,25.34,24.94,0,0,0|
280|40|7500.0|7500.0|-7500.0|50000|30000|-15351.65|0.0,25.53,25.03,0,0,0|0.0,24.81,23.76,0,0,0|0.0,26.35,24.82,0,0,0|-7500.0,25.34,24.94,0,0,0|
281|41|7500.0|7500.0|-7500.0|50000|30000|-15351.65|0.0,25.53,25.03,0,0,0|0.0,24.81,23.75,0,0,0|0.0,26.15,24.82,0,0,0|-7500.0,25.31,24.94,0,0,0|
281|41|7500.0|7500.0|-7500.0|50000|30000|-15351.65|0.0,25.53,25.03,0,0,0|0.0,24.81,23.75,0,0,0|0.0,26.21,24.82,0,0,0|-7500.0,25.31,24.94,0,0,0|
281|41|7500.0|7500.0|-7500.0|50000|30000|-15351.65|0.0,25.56,25.03,0,0,0|0.0,24.81,23.71,0,0,0|0.0,26.21,24.82,0,0,0|-7500.0,25.31,24.94,0,0,0|
281|41|7500.0|7500.0|-7500.0|50000|30000|-15351.65|0.0,25.59,25.03,0,0,0|0.0,24.81,23.82,0,0,0|0.0,26.21,24.82,0,0,0|-7500.0,25.31,24.94,0,0,0|
282|42|7500.0|7500.0|-7500.0|50000|30000|-14601.65|0.0,25.59,25.03,0,0,0|0.0,24.81,23.75,0,0,0|0.0,26.21,24.82,0,0,0|-7500.0,25.31,24.94,0,0,0|
282|42|7500.0|7500.0|-7500.0|50000|30000|-14601.65|0.0,25.59,25.03,0,0,0|0.0,24.81,23.82,0,0,0|0.0,26.21,24.82,0,0,0|-7500.0,25.31,24.94,0,0,0|
282|42|7500.0|7500.0|-7500.0|50000|30000|-14601.65|0.0,25.59,25.03,0,0,0|0.0,24.81,23.82,0,0,0|0.0,26.21,24.82,0,0,0|-7500.0,25.31,24.94,0,0,0|
283|43|7500.0|7500.0|-7500.0|50000|30000|-14601.65|0.0,25.59,25.03,0,0,0|0.0,24.81,23.84,0,0,0|0.0,26.18,24.82,0,0,0|-7500.0,25.31,24.94,0,0,0|
283|43|7500.0|7500.0|-7500.0|50000|30000|-14601.65|0.0,25.51,25.03,0,0,0|0.0,24.81,23.84,0,0,0|0.0,26.59,24.82,0,0,0|-7500.0,25.31,24.94,0,0,0|
283|43|7500.0|7500.0|-7500.0|50000|30000|-14601.65|0.0,25.51,25.03,0,0,0|0.0,24.81,23.84,0,0,0|0.0,26.18,24.82,0,0,0|-7500.0,25.26,24.94,0,0,0|
283|43|7500.0|7500.0|-7500.0|50000|30000|-14601.65|0.0,25.51,25.03,0,0,0|0.0,24.81,23.63,0,0,0|0.0,26.18,24.82,0,0,0|-7500.0,25.26,24.94,0,0,0|
284|44|7500.0|7500.0|-7500.0|50000|30000|-14376.65|0.0,25.51,25.03,0,0,0|0.0,24.81,23.84,0,0,0|0.0,26.18,24.82,0,0,0|-7500.0,25.26,24.94,0,0,0|
284|44|7500.0|7500.0|-7500.0|50000|30000|-14376.65|0.0,25.51,25.03,0,0,0|0.0,24.81,23.81,0,0,0|0.0,26.08,24.82,0,0,0|-7500.0,25.26,24.94,0,0,0|
284|44|7500.0|7500.0|-7500.0|50000|30000|-14376.65|0.0,25.51,25.03,0,0,0|0.0,24.81,23.81,0,0,0|0.0,26.08,24.82,0,0,0|-7500.0,25.26,24.94,0,0,0|
284|44|7500.0|7500.0|-7500.0|50000|30000|-14376.65|0.0,25.51,25.03,0,0,0|0.0,24.81,23.81,0,0,0|0.0,26.35,24.82,0,0,0|-7500.0,25.19,24.94,0,0,0|
285|45|7500.0|7500.0|-7500.0|50000|30000|-14526.65|0.0,25.5,25.03,0,0,0|0.0,24.81,23.81,0,0,0|0.0,26.35,24.82,0,0,0|-7500.0,25.22,24.94,0,0,0|
285|45|7500.0|7500.0|-7500.0|50000|30000|-14526.65|0.0,25.5,25.03,0,0,0|0.0,24.81,23.81,0,0,0|0.0,26.38,24.82,0,0,0|-7500.0,25.22,24.94,0,0,0|
285|45|7500.0|7500.0|-7500.0|50000|30000|-14526.65|0.0,25.5,25.03,0,0,0|0.0,24.81,23.81,0,0,0|0.0,26.38,24.82,0,0,0|-7500.0,25.22,24.94,0,0,0|
285|45|7500.0|7500.0|-7500.0|50000|30000|-14526.65|0.0,25.5,25.03,0,0,0|0.0,24.81,23.81,0,0,0|0.0,26.38,24.82,0,0,0|-7500.0,25.17,24.94,0,0,0|
286|46|7500.0|7500.0|-7500.0|50000|30000|-14601.65|0.0,25.5,25.03,0,0,0|0.0,24.81,23.74,0,0,0|0.0,26.08,24.82,0,0,0|-7500.0,25.17,24.94,0,0,0|
286|46|7500.0|7500.0|-7500.0|50000|30000|-14601.65|0.0,25.5,25.03,0,0,0|0.0,24.81,23.74,0,0,0|0.0,26.13,24.82,0,0,0|-7500.0,25.22,24.94,0,0,0|
286|46|7500.0|7500.0|-7500.0|50000|30000|-14601.65|0.0,25.5,25.03,0,0,0|0.0,24.81,23.71,0,0,0|0.0,26.27,24.82,0,0,0|-7500.0,25.22,24.94,0,0,0|
286|46|7500.0|7500.0|-7500.0|50000|30000|-14601.65|0.0,25.5,25.03,0,0,0|0.0,24.81,23.71,0,0,0|0.0,26.27,24.82,0,0,0|-7500.0,25.25,24.94,0,0,0|
287|47|7500.0|7500.0|-7500.0|50000|30000|-14451.65|0.0,25.5,25.03,0,0,0|0.0,24.81,23.71,0,0,0|0.0,26.32,24.82,0,0,0|-7500.0,25.25,24.94,0,0,0|
287|47|7500.0|7500.0|-7500.0|50000|30000|-14451.65|0.0,25.5,25.03,0,0,0|0.0,24.81,23.71,0,0,0|0.0,26.32,24.82,0,0,0|-7500.0,25.22,24.94,0,0,0|
287|47|7500.0|7500.0|-7500.0|50000|30000|-14451.65|0.0,25.5,25.03,0,0,0|0.0,24.81,23.68,0,0,0|0.0,26.32,24.82,0,0,0|-7500.0,25.22,24.94,0,0,0|
287|47|7500.0|7500.0|-7500.0|50000|30000|-14451.65|0.0,25.5,25.03,0,0,0|0.0,24.81,23.71,0,0,0|0.0,26.32,24.82,0,0,0|-7500.0,25.21,24.94,0,0,0|
288|48|7500.0|7500.0|-7500.0|50000|30000|-14301.65|0.0,25.52,25.03,0,0,0|0.0,24.81,23.74,0,0,0|0.0,26.35,24.82,0,0,0|-7500.0,25.21,24.94,0,0,0|
288|48|7500.0|7500.0|-7500.0|50000|30000|-14301.65|0.0,25.52,25.03,0,0,0|0.0,24.81,23.59,0,0,0|0.0,26.44,24.82,0,0,0|-7500.0,25.21,24.94,0,0,0|
288|48|7500.0|7500.0|-7500.0|50000|30000|-14301.65|0.0,25.52,25.03,0,0,0|0.0,24.81,23.59,0,0,0|0.0,26.47,24.82,0,0,0|-7500.0,25.17,24.94,0,0,0|
288|48|7500.0|7500.0|-7500.0|50000|30000|-14301.65|0.0,25.5,25.03,0,0,0|0.0,24.81,23.66,0,0,0|0.0,26.47,24.82,0,0,0|-7500.0,25.21,24.94,0,0,0|
289|49|7500.0|7500.0|-7500.0|50000|30000|-14376.65|0.0,25.5,25.03,0,0,0|0.0,24.81,23.76,0,0,0|0.0,26.44,24.82,0,0,0|-7500.0,25.21,24.94,0,0,0|
289|49|7500.0|7500.0|-7500.0|50000|30000|-14376.65|0.0,25.55,25.03,0,0,0|0.0,24.81,23.71,0,0,0|0.0,26.44,24.82,0,0,0|-7500.0,25.21,24.94,0,0,0|
289|49|7500.0|7500.0|-7500.0|50000|30000|-14376.65|0.0,25.55,25.03,0,0,0|0.0,24.81,23.71,0,0,0|0.0,26.44,24.82,0,0,0|-7500.0,25.21,24.94,0,0,0|
289|49|7500.0|7500.0|-7500.0|50000|30000|-14376.65|0.0,25.81,25.03,0,0,0|0.0,24.81,23.71,0,0,0|0.0,26.34,24.82,0,0,0|-7500.0,25.21,24.94,0,0,0|
290|50|7500.0|7500.0|-7500.0|50000|30000|-14076.65|0.0,25.81,25.03,0,0,0|0.0,24.81,23.71,0,0,0|0.0,26.34,24.82,0,0,0|-7500.0,25.23,24.94,0,0,0|unwind:WNTR:BUY:7500.0:MKT
290|50|0.0|0.0|0.0|50000|30000|-14076.65|0.0,25.81,25.03,0,0,0|0.0,24.81,23.84,0,0,0|0.0,26.34,24.82,0,0,0|0.0,25.19,24.94,0,0,0|
290|50|0.0|0.0|0.0|50000|30000|-14076.65|0.0,25.84,25.03,0,0,0|0.0,24.81,23.84,0,0,0|0.0,26.34,24.82,0,0,0|0.0,25.19,24.94,0,0,0|
291|51|0.0|0.0|0.0|50000|30000|-14226.65|0.0,25.84,25.03,0,0,0|0.0,24.81,23.84,0,0,0|0.0,26.34,24.82,0,0,0|0.0,25.19,24.94,0,0,0|
291|51|0.0|0.0|0.0|50000|30000|-14226.65|0.0,25.57,25.03,0,0,0|0.0,24.81,23.84,0,0,0|0.0,26.34,24.82,0,0,0|0.0,25.19,24.94,0,0,0|
291|51|0.0|0.0|0.0|50000|30000|-14226.65|0.0,25.57,25.03,0,0,0|0.0,24.81,23.84,0,0,0|0.0,26.34,24.82,0,0,0|0.0,25.19,24.94,0,0,0|
291|51|0.0|0.0|0.0|50000|30000|-14226.65|0.0,25.57,25.03,0,0,0|0.0,24.81,23.84,0,0,0|0.0,26.34,24.82,0,0,0|0.0,25.19,24.94,0,0,0|
292|52|0.0|0.0|0.0|50000|30000|-14226.65|0.0,25.99,25.03,0,0,0|0.0,24.81,23.84,0,0,0|0.0,26.37,24.82,0,0,0|0.0,25.12,24.94,0,0,0|
292|52|0.0|0.0|0.0|50000|30000|-14226.65|0.0,25.99,25.03,0,0,0|0.0,24.81,23.81,0,0,0|0.0,26.37,24.82,0,0,0|0.0,25.12,24.94,0,0,0|
292|52|0.0|0.0|0.0|50000|30000|-14226.65|0.0,25.99,25.03,0,0,0|0.0,24.81,23.81,0,0,0|0.0,26.37,24.82,0,0,0|0.0,25.12,24.94,0,0,0|
292|52|0.0|0.0|0.0|50000|30000|-14226.65|0.0,25.76,25.03,0,0,0|0.0,24.81,23.81,0,0,0|0.0,26.37,24.82,0,0,0|0.0,25.12,24.94,0,0,0|
293|53|0.0|0.0|0.0|50000|30000|-14226.65|0.0,25.76,25.03,0,0,0|0.0,24.81,23.81,0,0,0|0.0,26.37,24.82,0,0,0|0.0,25.15,24.94,0,0,0|
293|53|0.0|0.0|0.0|50000|30000|-14226.65|0.0,25.76,25.03,0,0,0|0.0,24.81,23.81,0,0,0|0.0,26.37,24.82,0,0,0|0.0,25.15,24.94,0,0,0|
293|53|0.0|0.0|0.0|50000|30000|-14226.65|0.0,25.76,25.03,0,0,0|0.0,24.81,23.81,0,0,0|0.0,26.41,24.82,0,0,0|0.0,25.39,24.94,0,0,0|
293|53|0.0|0.0|0.0|50000|30000|-14226.65|0.0,25.76,25.03,0,0,0|0.0,24.81,23.81,0,0,0|0.0,26.32,24.82,0,0,0|0.0,25.14,24.94,0,0,0|
294|54|0.0|0.0|0.0|50000|30000|-14226.65|0.0,25.76,25.03,0,0,0|0.0,24.81,23.81,0,0,0|0.0,26.35,24.82,0,0,0|0.0,25.17,24.94,0,0,0|
294|54|0.0|0.0|0.0|50000|30000|-14226.65|0.0,25.79,25.03,0,0,0|0.0,24.81,23.81,0,0,0|0.0,26.5,24.82,0,0,0|0.0,25.18,24.94,0,0,0|
294|54|0.0|0.0|0.0|50000|30000|-14226.65|0.0,25.79,25.03,0,0,0|0.0,24.81,23.81,0,0,0|0.0,26.58,24.82,0,0,0|0.0,25.21,24.94,0,0,0|
294|54|0.0|0.0|0.0|50000|30000|-14226.65|0.0,25.79,25.03,0,0,0|0.0,24.81,23.81,0,0,0|0.0,26.58,24.82,0,0,0|0.0,25.21,24.94,0,0,0|
295|55|0.0|0.0|0.0|50000|30000|-14226.65|0.0,25.79,25.03,0,0,0|0.0,24.81,23.81,0,0,0|0.0,26.65,24.82,0,0,0|0.0,25.21,24.94,0,0,0|
295|55|0.0|0.0|0.0|50000|30000|-14226.65|0.0,25.5,25.03,0,0,0|0.0,24.81,23.77,0,0,0|0.0,26.65,24.82,0,0,0|0.0,25.21,24.94,0,0,0|
295|55|0.0|0.0|0.0|50000|30000|-14226.65|0.0,25.5,25.03,0,0,0|0.0,24.81,23.84,0,0,0|0.0,26.65,24.82,0,0,0|0.0,25.21,24.94,0,0,0|
296|56|0.0|0.0|0.0|50000|30000|-14226.65|0.0,25.5,25.03,0,0,0|0.0,24.81,23.84,0,0,0|0.0,26.65,24.82,0,0,0|0.0,25.21,24.94,0,0,0|
296|56|0.0|0.0|0.0|50000|30000|-14226.65|0.0,25.65,25.03,0,0,0|0.0,24.81,23.84,0,0,0|0.0,26.65,24.82,0,0,0|0.0,25.21,24.94,0,0,0|
296|56|0.0|0.0|0.0|50000|30000|-14226.65|0.0,25.79,25.03,0,0,0|0.0,24.81,23.84,0,0,0|0.0,26.65,24.82,0,0,0|0.0,25.21,24.94,0,0,0|
296|56|0.0|0.0|0.0|50000|30000|-14226.65|0.0,25.65,25.03,0,0,0|0.0,24.81,23.77,0,0,0|0.0,26.58,24.82,0,0,0|0.0,25.22,24.94,0,0,0|
297|57|0.0|0.0|0.0|50000|30000|-14226.65|0.0,25.69,25.03,0,0,0|0.0,24.81,23.77,0,0,0|0.0,26.58,24.82,0,0,0|0.0,25.21,24.94,0,0,0|
297|57|0.0|0.0|0.0|50000|30000|-14226.65|0.0,25.69,25.03,0,0,0|0.0,24.81,23.77,0,0,0|0.0,26.58,24.82,0,0,0|0.0,25.24,24.94,0,0,0|
297|57|0.0|0.0|0.0|50000|30000|-14226.65|0.0,25.65,25.03,0,0,0|0.0,24.81,23.76,0,0,0|0.0,26.63,24.82,0,0,0|0.0,25.24,24.94,0,0,0|
297|57|0.0|0.0|0.0|50000|30000|-14226.65|0.0,25.65,25.03,0,0,0|0.0,24.81,23.76,0,0,0|0.0,26.58,24.82,0,0,0|0.0,25.24,24.94,0,0,0|
298|58|0.0|0.0|0.0|50000|30000|-14226.65|0.0,25.65,25.03,0,0,0|0.0,24.81,23.76,0,0,0|0.0,26.58,24.82,0,0,0|0.0,25.24,24.94,0,0,0|
298|58|0.0|0.0|0.0|50000|30000|-14226.65|0.0,25.65,25.03,0,0,0|0.0,24.81,23.77,0,0,0|0.0,26.58,24.82,0,0,0|0.0,25.21,24.94,0,0,0|
298|58|0.0|0.0|0.0|50000|30000|-14226.65|0.0,25.65,25.03,0,0,0|0.0,24.81,23.77,0,0,0|0.0,26.58,24.82,0,0,0|0.0,25.21,24.94,0,0,0|
298|58|0.0|0.0|0.0|50000|30000|-14226.65|0.0,25.65,25.03,0,0,0|0.0,24.81,23.85,0,0,0|0.0,26.58,24.82,0,0,0|0.0,25.18,24.94,0,0,0|
299|59|0.0|0.0|0.0|50000|30000|-14226.65|0.0,25.65,25.03,0,0,0|0.0,24.81,23.85,0,0,0|0.0,26.58,24.82,0,0,0|0.0,25.18,24.94,0,0,0|
299|59|0.0|0.0|0.0|50000|30000|-14226.65|0.0,25.65,25.03,0,0,0|0.0,24.81,23.7,0,0,0|0.0,26.58,24.82,0,0,0|0.0,25.18,24.94,0,0,0|
299|59|0.0|0.0|0.0|50000|30000|-14226.65|0.0,25.65,25.03,0,0,0|0.0,24.81,23.7,0,0,0|0.0,26.58,24.82,0,0,0|0.0,25.18,24.94,0,0,0|
299|59|0.0|0.0|0.0|50000|30000|-14226.65|0.0,25.65,25.03,0,0,0|0.0,24.81,23.7,0,0,0|0.0,26.58,24.82,0,0,0|0.0,25.22,24.94,0,0,0|
